Profile,0,1,2,3,4,5,6,7,8,9,10,11,12,13,14,15,16,17,18,19,20,21,22,23,24,25,26,27,28,29,30,31,32,33,34,35,36,37,38,39,40,41,42,43,44,45,46,47,48,49,50,51,52,53,54,55,56,57,58,59
0,362.32524516199777,393.88,410.12,417.03,392.95,368.87,337.94,363.57,370.65,385.22,351.66,384.55,407.82,387.68,365.41,343.25,329.55,331.28,326.52,311.91,319.74,294.5,279.95,270.6,267.52,287.48,266.46,267.46,273.93,242.18,254.74,231.89,223.05,256.11,288.7,310.29,296.61,268.45,281.35,277.16,250.7,252.53,222.32,253.94,237.84,255.01,241.83,249.56,255.3,233.24,266.77,286.03,316.79,344.43,351.28,380.81,352.0,330.72,298.89,286.66
1,367.69737008200315,351.69,374.7,364.67,349.34,352.33,327.19,348.34,318.56,352.64,371.7,350.61,316.0,338.08,352.56,368.59,387.58,357.76,347.85,320.96,346.38,355.01,343.17,312.62,299.39,287.15,303.22,312.85,339.95,338.01,311.38,326.31,344.56,348.85,367.82,367.39,368.98,363.91,330.69,303.24,270.44,279.99,266.99,267.59,296.12,278.57,272.3,290.19,271.21,241.6,236.4,228.29,260.25,281.82,291.16,317.16,338.42,316.48,343.96,346.71
2,526.8272589623438,554.55,541.81,514.51,495.47,490.37,512.63,537.88,503.37,504.12,498.34,478.89,452.28,440.91,471.91,459.53,460.85,475.06,465.51,498.53,530.9,513.52,513.33,499.39,484.33,451.91,459.58,459.77,428.37,412.88,441.46,423.23,398.37,397.63,431.63,413.57,425.62,443.93,425.56,441.54,432.28,441.54,450.89,453.39,424.71,448.18,435.63,413.69,381.54,387.9,400.33,366.49,367.34,348.19,358.35,335.56,348.93,341.0,371.57,346.2
3,349.60521339909826,322.55,352.28,378.69,361.75,372.95,395.16,399.02,401.1,383.03,354.55,382.36,410.39,419.71,408.44,397.88,413.7,441.5,468.6,488.19,498.13,469.02,445.33,473.23,480.68,446.32,418.42,429.87,395.22,371.48,374.89,388.32,398.96,379.66,394.51,376.12,363.9,381.15,391.62,416.07,427.1,431.88,403.44,394.18,377.74,359.82,392.93,385.45,412.89,422.07,442.71,442.89,448.27,447.75,426.42,441.99,426.64,393.34,403.52,380.92
4,577.3742620541075,597.35,596.79,575.93,541.84,571.82,563.87,596.54,598.6,594.65,571.53,560.97,585.55,566.22,542.88,546.86,577.39,582.49,577.42,548.02,556.07,590.37,561.62,562.9,589.32,588.16,585.81,585.37,568.21,552.82,574.48,588.51,593.82,596.43,581.15,573.16,587.53,583.38,584.62,589.71,595.02,573.53,561.62,533.2,538.68,506.2,503.79,506.78,491.84,498.2,465.34,432.95,455.53,445.74,419.63,421.19,440.09,420.2,428.8,399.77
8,459.1714824913998,472.87,469.69,478.62,484.52,512.6,480.78,465.45,496.98,524.3,521.2,529.61,514.03,492.2,489.66,479.39,485.25,455.69,488.9,522.93,536.8,539.33,526.0,547.97,560.9,537.28,566.04,587.76,597.63,589.75,582.51,569.46,595.59,594.72,561.54,528.39,519.74,541.48,575.59,549.53,556.12,547.78,580.67,591.42,592.95,577.66,566.45,550.19,519.14,544.67,566.57,599.98,599.88,584.39,588.31,597.42,594.35,569.4,563.96,538.0
11,355.3167558411816,389.37,396.77,378.38,350.5,326.2,308.42,284.67,262.73,247.69,230.87,261.13,231.75,244.52,244.43,278.38,251.22,246.35,279.48,305.07,327.27,310.32,287.28,299.09,329.15,333.12,338.13,322.73,341.59,319.68,307.34,302.12,302.65,284.62,257.66,265.4,250.6,258.13,233.94,243.55,251.18,223.43,232.94,226.44,222.63,257.25,244.81,268.44,251.26,265.16,283.38,290.07,288.08,281.91,271.33,301.4,324.54,357.09,330.79,346.95
12,576.5693735919943,552.16,521.81,538.69,543.9,567.83,542.22,562.89,542.0,518.46,494.96,516.98,528.54,530.15,520.27,546.67,539.14,561.3,557.04,548.43,545.82,531.92,549.25,549.44,530.69,558.66,550.53,553.58,582.03,580.1,551.52,582.31,580.38,563.67,538.42,559.0,567.41,568.47,592.94,591.11,562.77,549.59,531.98,549.06,516.41,521.3,539.67,566.04,554.63,577.12,548.52,572.77,545.7,538.51,559.32,534.81,515.86,531.42,546.82,556.7
13,483.700408897498,486.69,469.32,458.52,436.23,464.82,470.66,463.72,461.06,492.37,468.1,474.14,474.55,482.35,448.62,474.67,504.92,509.48,523.25,552.82,567.33,542.65,547.99,555.46,550.15,566.7,595.52,597.06,579.16,550.48,584.42,591.85,562.23,591.69,594.37,580.45,577.7,565.56,534.36,522.82,544.02,509.34,497.68,490.55,493.17,522.56,511.8,501.09,517.72,514.38,495.1,491.77,466.63,443.98,443.87,438.19,467.23,457.6,463.24,472.5
14,224.9758935035668,246.53,230.95,264.16,239.57,242.63,224.92,259.8,259.95,266.63,236.33,258.5,238.19,267.77,247.13,231.85,221.71,237.33,249.56,224.24,250.43,249.66,253.91,250.37,246.2,254.25,230.75,228.32,257.33,288.56,279.69,263.64,273.72,267.33,234.11,227.67,250.55,263.19,230.09,230.01,230.4,250.5,221.29,223.78,251.02,231.79,250.54,235.61,225.03,229.73,252.31,277.6,300.72,293.52,305.29,284.64,270.16,297.9,263.81,234.8
18,518.8111054779098,490.07,484.3,510.84,541.97,539.69,547.63,524.32,558.7,539.92,570.91,577.55,577.46,571.96,551.5,528.86,509.29,487.34,506.91,496.42,465.47,498.31,525.18,555.12,589.76,562.63,555.37,573.45,581.29,554.56,576.67,554.76,535.43,538.02,544.53,550.14,521.54,547.96,531.55,505.62,532.83,564.73,590.08,591.44,584.98,577.53,547.53,541.12,532.21,515.39,531.03,530.74,501.41,481.82,494.65,464.98,489.56,489.22,487.86,494.33
20,508.1400144530286,474.86,441.41,429.06,428.27,447.2,460.03,456.24,440.39,475.19,470.02,466.62,443.07,463.71,477.27,457.72,428.49,441.12,451.94,436.07,467.63,443.2,438.46,469.51,463.89,473.59,466.42,450.62,484.5,478.15,505.74,486.84,466.76,433.94,444.56,435.36,460.87,458.99,491.76,469.75,495.55,514.91,533.87,558.0,576.27,578.05,550.52,517.8,547.26,555.43,576.19,569.51,542.19,515.95,528.94,524.06,503.1,502.51,472.0,477.74
21,322.2174936853371,343.05,329.78,326.65,292.46,262.53,255.0,253.6,261.16,246.58,262.8,288.01,307.6,275.37,274.01,246.36,234.85,269.19,244.16,249.51,259.88,274.05,278.23,243.91,239.23,248.08,225.54,234.21,221.63,222.88,235.04,226.64,243.63,260.42,281.46,260.47,237.19,225.46,245.75,262.92,230.13,262.25,230.89,244.84,262.43,288.4,303.39,324.51,313.27,335.31,305.92,333.56,336.89,359.1,355.76,365.81,367.66,383.87,354.58,323.8
23,282.13907158230865,274.51,307.37,290.44,301.41,289.17,308.31,282.47,315.36,312.13,293.65,263.79,240.67,248.94,241.55,266.87,262.03,244.44,256.68,271.15,247.84,230.53,221.67,247.0,261.16,259.38,283.47,304.87,310.84,336.62,316.03,288.86,272.74,241.74,250.14,281.01,248.76,227.79,239.35,270.76,257.89,258.4,226.31,226.13,260.58,293.14,258.49,290.12,299.86,325.61,322.44,323.53,322.75,334.43,309.21,276.31,262.87,277.2,256.33,268.47
26,354.3001241350329,335.88,355.52,339.76,362.34,357.0,368.73,340.42,349.09,345.71,351.77,328.53,345.11,370.51,350.68,322.38,289.03,298.97,306.47,309.74,290.98,283.34,289.95,289.72,323.86,298.41,312.07,305.37,300.34,315.57,329.04,363.43,337.42,309.71,325.41,330.9,315.09,285.65,256.65,284.24,262.67,250.31,234.8,237.68,223.66,240.07,223.72,250.99,235.42,247.23,274.77,285.33,287.64,275.34,263.65,275.51,310.1,321.43,325.47,341.62
27,396.7781326678129,365.99,370.35,402.38,379.65,392.95,372.02,374.53,346.3,342.83,360.76,350.09,361.63,382.31,412.21,393.63,386.58,362.25,396.72,426.61,429.41,453.35,454.82,463.47,434.71,452.58,426.52,449.34,469.08,483.69,451.22,437.44,420.86,411.07,382.2,412.79,416.56,402.95,395.74,392.04,399.08,400.18,429.54,429.33,463.78,488.38,467.98,498.12,471.27,493.49,485.13,511.59,537.35,558.76,579.06,561.1,531.76,524.97,502.12,515.77
28,351.5178960843585,384.81,394.68,417.25,391.53,416.87,446.46,445.55,452.99,471.53,448.77,448.95,441.86,417.11,407.84,377.61,344.42,318.88,351.3,354.77,387.38,382.65,369.48,369.91,365.68,338.08,347.94,328.06,336.43,346.94,322.58,291.87,311.52,308.71,277.78,312.42,281.46,295.11,328.97,310.71,285.67,259.17,245.4,226.1,248.45,223.95,239.84,274.66,296.64,304.71,291.15,299.82,301.71,296.54,270.69,297.75,294.23,272.85,263.59,257.58
29,534.4644003154123,550.82,569.67,535.39,529.52,528.21,494.55,477.74,495.96,470.56,473.03,453.09,418.94,400.82,434.13,455.24,487.41,486.56,459.24,462.6,459.41,483.51,455.38,454.56,430.06,417.79,434.4,432.72,424.03,416.64,413.8,433.75,461.2,493.07,513.15,500.23,513.4,509.03,491.86,515.72,483.41,511.53,508.83,518.43,529.58,557.24,566.81,573.67,542.76,544.05,519.56,536.18,537.04,549.66,517.58,488.52,503.66,473.71,443.7,409.55
31,515.0500296698954,525.98,503.4,506.55,540.48,571.1,538.86,515.4,489.62,505.44,527.68,507.63,508.04,531.89,548.19,551.15,557.47,558.06,543.89,548.44,561.66,587.79,582.83,587.54,560.14,557.45,523.1,505.37,521.22,555.65,527.59,520.69,541.69,520.97,524.83,541.14,549.26,527.42,517.3,537.17,540.97,506.34,524.61,492.08,509.28,488.45,520.52,511.28,499.17,474.59,460.98,487.35,522.09,512.87,509.27,524.81,551.84,558.35,550.76,544.64
32,484.3348956687866,449.56,457.93,447.81,468.4,439.91,446.08,444.75,454.71,424.25,429.85,434.15,438.4,445.64,457.99,479.34,463.23,485.98,485.86,456.25,425.35,413.75,433.69,448.23,468.43,469.64,465.45,440.77,428.74,424.12,395.32,375.76,382.64,399.14,434.02,464.34,474.32,468.81,478.34,498.34,471.62,465.31,489.1,480.97,486.0,492.14,470.05,460.41,448.83,415.66,382.35,405.57,389.68,390.95,376.86,407.71,390.86,385.94,412.03,435.97
34,543.2341019796323,547.52,549.16,522.19,547.4,563.0,532.74,547.29,550.34,521.06,518.14,517.07,493.67,524.87,549.37,561.2,558.56,552.38,562.95,566.13,535.42,536.3,557.75,554.9,523.54,543.58,522.68,505.78,482.31,470.43,488.4,489.76,469.1,495.55,522.12,548.06,529.78,526.37,560.32,579.36,545.87,515.43,512.91,541.56,544.27,544.12,516.5,527.47,550.02,541.65,560.94,593.45,566.92,567.55,551.92,572.42,573.57,577.55,588.39,571.85
35,567.7342259946764,568.59,544.08,557.79,578.32,561.27,586.27,595.43,571.39,598.95,569.02,547.35,525.25,552.83,563.63,539.28,535.1,543.17,514.01,540.78,562.03,562.39,595.09,576.76,599.07,588.07,582.86,556.51,583.24,570.37,545.86,511.74,515.92,517.84,533.19,560.51,531.07,547.27,525.39,550.46,572.79,571.43,581.58,563.37,561.35,583.86,572.35,559.77,559.36,582.34,564.99,542.15,556.99,579.81,550.36,532.15,507.09,496.45,492.97,510.39
36,467.4360822550362,475.9,465.57,489.47,487.46,521.0,530.39,504.23,516.56,504.32,517.36,487.23,464.47,489.37,470.27,493.86,478.41,488.41,502.0,502.89,489.26,469.15,436.47,422.75,433.47,464.15,490.13,508.75,528.94,540.49,523.71,552.21,564.16,568.39,540.78,537.07,534.3,559.82,563.09,554.72,588.1,558.29,552.87,520.81,537.6,566.87,550.95,576.03,558.26,587.01,588.19,590.87,556.66,589.06,587.44,566.93,588.39,566.51,591.28,561.2
38,316.66880071990187,307.0,305.07,273.27,248.07,237.46,270.97,259.16,257.9,236.63,251.53,238.67,231.11,243.82,220.32,220.27,227.73,221.57,223.95,233.2,258.68,263.72,264.61,250.15,280.7,273.49,244.59,256.77,229.74,235.45,245.6,272.98,272.53,286.69,321.19,295.39,279.62,272.24,266.77,260.54,289.07,304.05,311.6,298.26,320.93,352.78,375.26,340.37,349.92,318.5,301.53,270.7,277.97,291.03,264.04,255.91,252.85,245.04,227.27,237.71
39,505.4476581671989,475.42,446.03,435.86,466.78,478.58,491.09,481.42,487.98,453.69,463.22,492.15,500.03,526.19,541.87,515.31,543.48,513.13,515.51,490.46,456.28,450.82,436.47,435.49,440.89,408.95,382.56,386.66,375.68,391.72,402.38,426.57,440.04,435.14,447.25,431.53,417.97,438.2,434.45,455.34,477.91,502.94,532.1,527.27,514.59,520.34,511.32,518.4,532.79,545.98,537.2,513.88,509.02,484.0,511.31,500.52,476.33,443.11,453.32,462.9
40,349.42958330089084,319.45,313.12,299.91,312.31,319.71,310.23,290.48,324.64,321.42,334.6,309.44,308.43,275.36,275.74,308.22,300.11,267.84,235.01,239.4,228.71,221.02,247.24,248.54,238.38,268.05,241.18,273.7,260.68,287.87,295.08,317.95,351.83,337.02,369.3,361.56,353.55,342.38,345.28,321.07,324.83,327.75,346.08,369.44,365.27,351.43,334.58,313.2,282.24,271.21,255.13,287.78,291.82,281.13,286.76,261.5,257.58,266.42,265.64,258.76
41,597.6623877818853,595.53,585.14,578.53,578.58,554.94,547.6,515.36,513.65,516.66,497.6,530.08,558.74,574.29,571.67,591.77,562.42,582.76,554.28,574.87,556.45,582.85,597.08,567.72,563.85,597.52,580.64,592.58,582.55,567.24,551.6,530.83,549.16,541.22,542.01,541.47,546.88,572.47,598.8,578.55,590.26,589.46,580.58,597.61,570.11,542.2,566.98,561.85,586.14,594.78,562.29,589.13,574.69,570.47,575.9,595.65,561.4,559.78,572.92,582.79
43,266.70985781684726,293.92,294.14,290.59,296.6,305.33,275.35,288.13,270.07,285.05,307.63,328.91,332.59,334.0,309.0,328.27,312.27,312.04,296.94,271.31,280.38,249.18,268.05,255.28,220.29,238.04,222.49,230.35,252.06,224.2,252.9,220.26,228.7,252.38,241.31,225.74,234.68,233.43,260.81,247.74,269.5,296.93,292.3,321.0,312.41,344.9,316.15,329.24,328.81,320.95,330.24,344.51,309.82,286.51,301.42,313.07,345.69,363.96,395.51,409.69
44,333.2598392829884,305.64,325.37,335.46,303.83,294.03,326.01,326.04,321.33,318.37,297.99,288.8,279.69,248.35,268.63,262.79,285.34,309.86,289.7,300.71,298.77,325.38,305.48,317.93,325.47,311.14,285.7,296.31,313.01,300.1,310.24,302.9,317.82,296.77,324.09,309.21,299.96,269.03,241.84,249.32,237.21,263.62,229.65,236.93,237.52,221.02,224.48,236.33,245.3,244.38,251.53,259.59,225.28,238.69,271.73,273.06,285.49,272.32,291.5,310.6
47,571.9537460040772,551.37,560.78,541.33,528.85,553.21,569.23,540.5,535.51,502.55,501.21,512.58,485.88,471.1,463.95,493.32,527.85,495.99,514.26,505.28,497.75,515.55,544.84,576.41,575.22,561.57,581.7,560.08,564.57,554.67,565.63,547.31,525.72,555.0,527.13,527.55,508.01,475.74,443.26,420.53,446.2,430.97,462.5,468.21,463.77,469.38,470.55,488.66,473.43,463.14,490.73,521.98,549.46,543.82,563.45,561.79,561.62,540.95,547.33,525.36
48,345.9945856455336,370.85,350.35,320.33,290.16,321.01,321.49,315.15,336.91,360.42,348.67,362.22,381.2,392.03,367.64,393.95,396.69,381.46,376.23,343.86,317.81,336.4,301.4,295.56,297.14,265.96,299.08,279.91,266.2,252.48,235.55,220.07,245.58,278.57,259.27,270.68,287.61,312.0,306.58,292.79,280.56,295.44,317.61,295.32,286.29,314.43,335.9,369.84,387.64,380.16,386.5,397.77,368.26,371.37,386.02,362.73,382.37,388.23,419.89,387.86
49,320.82393227107747,327.93,313.69,328.7,346.83,319.01,319.98,320.6,311.45,341.75,364.68,378.48,393.48,390.8,420.27,433.89,449.92,475.24,459.43,480.92,459.59,448.76,437.25,470.75,495.71,509.79,525.68,530.03,561.33,561.07,552.71,529.12,549.15,565.56,557.25,524.01,547.74,513.54,527.8,560.72,556.36,537.81,552.15,574.35,572.49,597.94,564.85,565.19,580.35,592.49,565.11,586.02,578.09,565.66,539.79,565.36,541.31,528.0,513.3,539.3
50,475.6271377993812,496.39,478.92,487.66,492.68,515.98,544.41,510.26,522.44,491.07,494.49,479.62,466.09,455.8,464.29,452.67,468.96,462.28,432.06,451.92,436.92,432.21,445.19,433.46,402.42,393.59,424.7,434.62,446.62,455.88,434.81,429.09,446.66,418.76,403.21,387.55,382.79,416.42,386.15,387.46,365.02,397.97,370.9,364.15,380.8,395.12,389.71,378.97,371.8,355.3,334.67,333.48,317.28,302.4,313.37,346.17,353.42,323.81,294.1,325.7
51,332.9705003167868,304.42,311.35,320.01,330.41,314.13,280.19,312.74,295.3,307.62,322.08,329.78,316.68,300.66,307.5,333.13,364.4,336.81,312.65,343.78,360.34,387.15,366.33,372.46,386.54,399.15,392.72,358.8,364.6,347.32,343.84,375.87,368.8,392.59,370.79,382.86,416.25,388.38,353.96,349.31,320.79,338.18,367.2,362.58,345.69,341.1,356.74,322.37,328.63,336.56,346.2,328.14,343.12,314.52,293.47,319.89,336.6,302.56,284.95,264.96
52,322.9064046540496,305.24,274.62,271.75,288.04,295.51,307.61,278.29,309.89,333.58,354.94,377.55,407.84,410.94,389.96,398.13,415.13,431.78,433.28,403.07,394.05,423.5,429.41,432.09,415.91,406.7,434.37,446.02,466.14,462.94,472.06,454.45,468.83,463.76,459.74,470.19,500.73,470.21,492.94,478.41,474.48,441.01,427.08,427.26,396.19,395.57,425.47,397.85,416.36,410.04,420.9,404.12,380.28,356.51,326.44,304.44,315.94,342.66,364.65,377.61
53,261.96410809621904,247.21,239.27,233.57,245.01,252.14,243.96,240.86,266.28,286.53,273.08,302.05,333.75,321.62,311.43,311.82,342.7,369.04,341.22,333.71,337.45,337.67,316.24,341.36,353.75,377.4,402.51,419.89,415.63,423.37,399.6,411.76,389.31,402.89,383.96,357.19,333.76,298.9,314.21,330.48,331.53,307.83,278.68,245.02,229.95,260.04,241.95,240.18,225.81,229.07,242.88,255.18,237.35,223.02,234.87,231.68,230.25,263.43,271.57,275.55
54,377.99453933886235,373.02,375.88,389.63,403.78,380.8,380.81,374.65,400.59,409.79,412.07,385.15,392.54,365.74,354.34,329.34,342.79,322.23,314.66,342.36,321.66,322.21,316.56,282.83,303.32,273.15,271.35,275.6,284.59,297.79,280.52,246.22,264.29,266.79,290.32,312.82,336.85,335.81,324.16,344.57,341.16,319.0,343.85,370.63,368.27,338.57,330.72,351.97,380.09,359.33,329.02,355.43,347.69,350.61,383.37,353.03,363.41,333.6,324.88,346.15
55,384.7194484471411,419.52,423.65,411.13,391.54,381.08,372.16,341.97,332.84,330.34,345.93,356.9,371.51,337.1,317.34,328.66,327.54,292.91,314.22,333.32,336.71,306.36,325.02,330.88,350.62,368.24,389.45,390.71,365.53,377.51,385.94,402.9,379.79,358.44,385.77,403.27,431.85,449.96,456.76,467.55,494.79,500.31,509.58,485.53,483.7,498.85,482.82,461.98,448.95,430.86,410.9,405.64,434.19,434.68,412.83,383.22,396.95,388.75,411.28,422.45
58,278.40259628079775,283.49,267.88,297.37,303.19,309.69,299.53,268.17,235.39,241.33,224.76,244.13,272.09,298.89,310.02,289.81,315.22,342.25,321.02,337.64,322.7,343.88,378.69,345.79,373.61,382.19,415.33,412.88,437.2,406.57,395.04,364.73,398.0,420.19,444.87,475.53,446.49,438.48,408.45,388.21,369.27,367.11,350.91,322.98,299.7,275.01,308.13,326.28,359.02,354.8,339.29,360.17,348.01,333.97,315.25,289.33,272.28,262.15,274.33,243.71
61,413.7445236291739,413.83,382.35,349.79,353.37,349.04,372.78,349.03,315.78,312.21,293.83,262.3,278.02,250.83,260.05,244.72,230.36,237.23,261.86,254.31,272.04,245.82,267.0,248.59,263.08,267.68,297.72,289.83,259.46,225.8,253.74,256.07,275.34,256.75,245.91,221.83,255.41,267.16,297.48,281.06,288.86,301.35,288.58,312.95,344.25,371.19,387.92,372.34,357.05,389.49,355.21,370.33,384.77,393.36,427.67,414.5,403.3,373.83,369.83,353.1
62,350.4869468275048,373.91,404.39,382.39,373.47,403.47,372.8,344.27,320.67,327.33,302.86,335.63,331.9,332.01,314.28,312.25,323.58,341.16,358.93,364.38,392.69,414.91,432.9,401.79,367.27,347.14,358.59,352.37,345.54,372.46,400.15,428.79,415.76,429.13,413.14,391.48,369.4,358.35,353.45,376.62,350.01,366.45,368.65,353.81,353.31,339.31,346.04,341.41,317.92,291.08,294.35,322.52,311.6,327.91,339.02,369.23,391.7,396.36,407.35,435.24
64,421.99741802095787,389.28,387.57,381.11,357.4,368.35,401.33,405.68,420.71,390.5,384.74,357.89,365.79,396.48,407.8,378.18,368.01,371.56,364.78,388.14,410.17,418.0,409.14,392.01,364.42,354.26,348.18,360.49,371.56,341.47,334.14,311.86,287.84,310.75,278.68,273.02,249.79,276.97,280.96,262.16,262.33,278.53,310.6,291.03,318.06,348.46,377.61,387.09,396.18,389.4,407.07,409.26,421.68,416.67,432.87,455.58,430.83,454.14,456.96,481.09
65,383.89464840958556,375.43,404.48,387.06,411.15,410.03,411.02,397.61,402.72,390.48,358.23,342.27,307.72,341.2,373.8,366.46,382.45,371.66,383.64,405.02,436.29,429.3,449.13,432.74,467.06,433.86,441.11,452.28,465.44,438.87,469.57,447.25,455.84,436.43,422.94,426.19,420.39,396.61,373.58,367.85,385.86,413.72,384.61,377.13,349.15,315.31,326.63,333.8,310.21,291.58,258.24,281.69,314.92,289.4,270.6,296.39,326.24,320.61,289.15,256.91
69,350.23775166260475,324.66,296.27,319.48,348.77,359.26,331.5,324.64,340.67,360.26,333.54,298.54,313.39,303.35,286.16,252.06,256.23,280.81,312.84,317.44,318.45,289.4,292.82,284.42,291.92,284.13,265.95,237.6,236.56,224.98,227.07,261.54,257.63,259.86,286.01,320.7,326.49,348.36,336.25,322.65,315.84,327.92,340.67,327.74,302.06,311.33,285.31,290.8,304.34,318.38,336.12,362.22,362.22,378.34,386.68,364.74,331.54,316.46,312.47,320.67
70,542.9845455912181,521.72,495.51,527.95,500.51,499.0,504.99,507.89,478.91,447.9,420.28,426.27,429.37,410.73,420.37,442.77,410.68,410.55,423.8,406.46,393.0,400.95,428.81,450.5,456.32,472.44,462.98,472.85,470.48,448.78,462.9,466.85,456.95,485.74,452.21,439.31,408.29,426.95,441.1,429.29,441.59,434.31,452.25,449.04,442.9,473.33,455.89,429.32,435.24,468.09,459.54,428.88,417.63,418.05,394.38,405.45,440.29,436.91,426.74,419.79
71,263.7555477901764,290.58,284.62,276.73,287.91,283.85,294.23,263.53,285.49,316.33,326.74,358.56,334.16,332.58,339.71,345.43,338.53,327.2,301.08,293.5,269.89,286.3,265.92,235.02,247.63,257.28,283.31,288.7,277.88,299.09,301.91,272.46,277.07,305.63,298.37,284.11,259.15,234.75,241.53,253.67,225.54,258.09,275.95,282.01,305.0,275.61,273.99,283.1,306.11,325.95,310.34,341.2,314.9,341.16,374.13,351.53,367.07,334.89,328.27,329.41
74,552.2367869720906,575.38,553.77,546.72,540.4,573.88,549.94,570.88,557.31,573.47,564.31,569.8,589.09,591.01,594.12,561.56,575.0,548.4,542.51,545.91,539.1,540.47,575.23,548.31,560.59,553.31,527.62,503.73,535.18,561.75,590.24,599.62,571.99,559.39,571.24,567.09,560.5,550.55,557.11,562.4,538.7,536.72,540.46,545.38,525.09,542.05,508.81,498.65,518.26,522.73,506.01,519.66,524.38,545.12,561.57,569.28,566.36,540.5,523.79,518.13
80,267.0614901482106,237.0,267.29,245.6,269.77,272.89,243.34,275.74,258.03,283.21,260.03,284.81,250.74,253.64,272.81,303.25,331.89,354.26,381.43,360.38,345.27,330.5,321.89,314.42,317.54,293.73,307.12,283.85,270.57,270.8,291.55,308.31,318.5,294.4,297.69,268.81,260.23,254.18,222.75,230.34,263.33,295.08,284.74,252.76,232.14,238.49,270.7,245.58,266.25,238.86,272.85,264.56,283.83,272.81,281.75,260.19,235.41,267.29,296.53,323.65
81,457.6647110633055,479.24,449.07,437.51,424.47,433.97,423.89,399.29,406.04,428.05,419.8,394.06,372.83,354.45,340.44,350.44,357.51,371.24,361.62,384.3,363.59,361.42,382.49,360.1,332.79,359.65,348.66,361.53,328.3,341.6,328.73,297.63,305.32,287.18,279.26,249.9,229.55,233.27,224.33,255.82,221.24,237.54,226.48,232.76,264.23,240.55,273.65,253.06,270.47,273.74,300.65,304.43,306.85,285.53,262.17,291.32,279.27,270.32,288.51,277.23
83,591.3678528072331,566.94,577.08,590.68,580.09,553.5,569.47,573.8,583.55,588.15,598.85,584.58,566.81,576.03,545.07,572.89,545.3,533.25,555.35,562.16,554.71,552.85,577.67,562.16,588.04,557.18,576.56,591.09,564.07,559.19,535.77,550.23,552.7,562.17,540.92,520.74,488.64,476.18,480.36,505.42,517.1,512.58,544.3,559.65,589.76,578.63,558.22,526.92,542.75,516.24,502.43,504.7,509.21,516.25,492.89,484.47,492.67,525.56,541.49,571.07
85,390.64983537125283,396.08,401.04,389.31,376.4,348.86,339.54,311.5,330.16,362.8,395.71,421.26,428.32,442.38,427.34,436.49,433.39,432.13,450.17,434.9,422.16,451.88,420.82,419.81,448.71,456.44,459.69,442.17,431.2,455.84,459.99,461.02,432.99,399.11,431.57,422.96,430.18,400.76,413.58,443.86,449.16,422.99,428.71,447.35,440.8,467.39,477.8,505.75,514.4,488.59,475.27,454.4,483.02,501.25,513.6,499.67,477.55,495.5,493.69,474.5
86,454.3163517028045,422.14,409.97,407.77,383.13,417.06,396.7,370.82,350.07,368.9,363.69,368.27,334.74,302.15,298.36,320.53,347.5,318.57,321.26,350.19,342.35,365.42,339.78,370.26,387.86,418.75,431.11,421.55,452.22,436.51,424.76,438.82,457.39,487.45,466.79,487.65,504.35,473.82,465.93,450.72,437.03,470.84,480.83,496.07,529.43,520.83,541.96,537.38,563.25,540.9,572.24,550.97,538.81,556.74,549.3,556.87,552.99,569.96,549.81,518.9
87,333.9731710397652,332.17,308.93,298.77,291.77,260.79,266.62,293.52,269.14,275.99,287.52,281.87,295.95,289.7,290.02,255.53,268.95,280.24,247.93,243.17,276.95,271.4,271.54,300.24,315.45,321.19,342.04,367.55,364.53,362.79,354.81,387.48,401.28,372.11,397.52,396.16,365.97,369.45,363.65,390.09,369.37,392.22,396.26,365.08,398.11,398.99,384.35,382.21,407.26,393.6,372.09,346.12,331.97,351.57,349.58,330.5,307.13,295.42,326.21,315.22
88,595.4871488627614,579.66,554.57,581.95,571.37,581.53,599.13,565.93,537.61,553.04,537.77,515.67,483.43,449.96,469.17,443.58,441.32,448.73,443.71,410.61,430.46,396.2,414.53,442.06,437.36,439.85,438.24,430.48,457.6,485.18,473.69,481.74,511.62,543.96,544.59,541.29,525.8,557.92,532.92,538.51,523.29,507.82,501.17,536.09,504.94,510.44,481.22,457.04,452.81,453.54,436.66,423.81,394.9,381.13,413.79,444.92,433.36,438.32,466.99,432.42
89,528.0597567282849,559.45,530.84,507.14,539.39,542.02,508.01,491.04,487.54,501.04,517.36,552.04,537.17,539.85,542.18,535.58,512.42,545.84,570.57,567.68,573.29,552.31,555.38,569.03,568.02,599.35,586.14,569.27,585.02,558.54,550.46,539.75,534.98,554.7,553.59,574.17,574.24,560.02,581.72,559.42,540.13,540.45,523.71,489.35,499.73,500.51,496.7,529.39,534.37,559.81,534.57,539.41,565.17,570.89,581.92,566.67,537.99,535.04,527.65,553.34
91,524.0522814457888,505.97,475.73,462.91,446.59,447.0,466.44,491.52,515.66,505.84,518.95,505.85,475.11,489.22,454.91,448.55,436.61,450.15,468.79,455.08,476.89,462.46,458.7,474.59,488.09,522.21,502.97,514.33,522.01,551.07,527.02,544.65,549.43,533.66,531.87,520.23,525.78,553.01,557.86,567.08,567.31,535.77,517.07,516.51,503.23,480.95,481.24,468.84,451.91,449.39,423.72,453.66,479.4,493.93,466.36,485.67,507.23,525.97,498.95,509.02
94,437.6527051410394,460.02,447.89,437.36,444.1,428.29,395.15,411.62,420.42,426.07,442.99,455.26,434.67,424.34,398.17,372.26,384.59,409.69,442.08,451.06,428.95,401.35,423.25,428.76,437.04,456.74,470.97,494.38,463.31,480.64,505.2,490.23,500.06,487.05,519.11,486.45,492.04,468.7,483.56,460.87,442.35,441.96,471.0,450.82,425.92,444.05,444.09,472.91,448.17,458.38,439.68,415.65,428.49,435.05,452.89,439.55,435.91,429.29,463.18,448.64
95,332.0305505717714,321.85,326.37,309.03,338.1,321.7,349.41,321.65,332.61,361.1,337.91,370.69,367.39,398.59,410.97,397.08,375.26,361.52,333.03,308.1,280.43,275.04,295.73,270.63,244.75,258.44,237.24,225.1,226.69,258.51,281.01,270.79,281.7,284.31,296.71,309.5,318.51,302.14,269.87,266.76,294.13,298.99,322.26,356.67,333.12,346.54,358.74,392.34,426.33,439.4,421.45,442.35,414.84,434.49,463.2,455.0,464.14,459.25,454.89,441.62
96,509.60925577112334,540.14,570.99,547.18,573.41,583.83,561.77,531.48,515.24,544.09,553.41,568.88,550.88,566.24,533.17,524.44,533.31,508.54,531.15,512.6,523.26,516.62,523.34,495.86,462.04,490.71,474.58,496.96,531.91,511.71,495.27,506.67,539.25,568.36,566.87,586.04,557.69,591.11,598.44,569.43,554.06,526.07,510.09,532.21,523.69,494.88,483.84,517.54,526.62,520.75,497.41,531.44,553.9,538.6,508.5,477.46,450.89,456.54,486.55,486.32
98,297.6174578158306,306.49,296.6,331.3,329.91,328.92,333.53,362.7,383.76,380.34,395.65,401.69,401.16,379.62,377.1,359.31,388.35,376.83,408.49,410.8,420.01,423.02,397.08,388.39,360.33,368.94,365.22,384.68,365.11,341.63,335.07,364.93,379.66,373.98,375.19,346.08,380.0,391.65,376.63,382.64,355.3,387.91,365.14,375.5,357.68,372.91,392.29,404.43,412.44,439.91,410.41,398.57,380.95,415.11,407.37,423.65,436.58,416.43,398.16,382.85
99,376.2283657385641,357.63,324.01,350.57,383.16,372.07,360.77,326.27,338.89,361.67,336.93,313.11,333.42,341.56,309.7,318.28,304.9,295.71,314.59,336.36,329.38,360.68,354.13,373.16,372.03,399.86,428.4,399.52,430.07,452.86,473.25,452.31,473.67,498.18,483.42,515.08,483.57,459.06,461.69,467.0,477.16,443.35,475.58,443.7,418.71,384.69,389.37,419.63,431.25,453.84,419.77,422.71,419.88,419.81,389.86,402.77,403.0,421.56,420.53,395.99
100,466.33764254957237,443.4,469.47,477.39,453.39,485.75,487.04,457.14,466.02,448.74,470.0,492.25,525.78,525.91,522.76,540.5,514.77,518.05,521.29,492.55,486.81,511.54,536.47,508.42,479.77,463.16,489.39,463.41,478.81,450.89,459.51,449.43,469.65,451.01,460.75,442.25,457.21,483.37,457.25,482.91,489.46,463.36,458.29,434.55,448.57,466.69,439.1,439.53,461.55,492.08,493.03,524.55,527.05,519.64,544.01,543.52,541.55,540.87,565.14,588.26
102,239.76902691118983,226.22,220.16,255.14,276.3,296.37,297.05,283.05,258.64,243.57,242.02,263.12,265.9,236.32,220.93,223.68,235.88,267.48,277.1,298.23,295.88,286.2,258.79,285.11,304.93,281.7,282.56,281.68,290.44,321.67,327.25,330.07,298.59,267.99,246.1,221.98,247.49,265.2,239.72,265.75,241.59,237.04,232.96,237.86,233.46,243.69,243.91,278.12,247.03,228.82,222.31,243.35,223.18,251.94,254.27,256.51,260.82,237.78,230.43,234.48
103,445.52863801230353,425.24,398.38,431.29,397.83,419.02,439.18,424.98,399.47,374.66,388.48,398.48,418.27,448.89,462.32,438.23,420.27,444.22,423.87,393.95,408.18,401.36,430.76,441.28,412.61,443.96,427.06,415.66,408.82,377.41,377.17,350.8,343.87,333.42,352.52,373.74,349.48,340.14,331.27,306.87,327.76,342.27,320.6,311.27,283.68,292.65,266.15,300.17,319.82,312.14,317.64,346.43,350.22,327.43,318.94,342.96,353.05,363.6,389.28,416.86
105,517.5109734178775,513.5,512.47,531.92,523.69,519.71,511.04,501.75,503.57,525.19,515.51,517.21,529.16,513.02,497.45,527.79,543.44,548.84,559.18,526.23,534.5,535.17,538.37,528.53,499.23,477.76,509.31,502.92,500.59,469.28,436.91,452.11,454.78,455.39,437.41,454.54,431.32,409.62,406.87,391.91,374.23,384.4,394.97,417.69,411.93,382.05,366.21,399.81,406.55,421.23,386.75,388.02,355.65,360.5,389.95,422.74,425.58,422.65,453.8,465.95
106,244.66172622459558,247.79,235.08,243.53,246.66,255.9,245.87,230.0,242.67,267.88,279.36,268.05,298.54,327.39,307.04,274.8,291.69,314.62,347.37,374.66,381.7,383.8,350.75,333.02,330.19,339.19,343.2,360.18,344.76,349.31,320.48,314.44,331.95,345.49,379.83,364.28,364.15,352.22,348.06,373.05,385.94,412.71,391.96,418.1,387.28,414.48,402.52,389.54,390.39,421.24,389.58,379.24,404.2,396.92,375.86,370.6,362.59,391.67,410.01,410.37
107,595.5808153541971,578.92,547.19,530.55,526.07,502.05,533.38,552.06,535.84,542.2,557.7,588.59,594.51,580.37,587.69,579.29,575.08,546.96,520.79,522.86,506.68,473.15,488.75,456.02,462.69,465.43,498.25,497.14,466.59,470.21,494.09,528.87,523.99,511.41,539.88,518.27,526.35,519.75,487.63,476.94,460.51,473.54,504.96,488.72,510.52,479.4,482.07,452.01,482.39,501.03,512.09,534.76,545.09,577.92,583.67,596.13,581.23,552.52,554.49,528.37
110,422.72247932301747,429.47,420.09,441.59,443.22,416.39,390.42,393.0,423.56,410.14,436.01,454.5,436.85,404.39,376.52,392.51,371.49,362.48,362.6,378.38,351.31,344.76,343.72,346.58,368.87,345.89,367.44,380.94,384.85,398.82,392.66,367.35,378.95,380.68,390.44,379.1,407.58,413.7,384.68,381.17,399.11,419.7,419.32,446.95,430.69,424.43,452.33,480.07,493.07,518.2,489.41,514.96,502.4,479.88,461.64,455.9,438.48,425.92,400.37,386.1
112,513.4616715982522,483.75,506.68,501.62,508.34,479.62,468.24,439.52,471.83,493.34,490.51,471.16,501.5,490.62,466.89,471.31,502.37,467.64,449.31,480.0,456.98,429.91,434.82,460.15,458.55,493.17,505.71,475.9,510.4,503.95,489.07,493.12,479.42,450.47,415.57,412.04,435.62,440.68,475.62,460.7,445.33,421.51,397.99,382.95,403.45,431.85,465.11,446.37,473.06,461.04,433.94,459.84,469.37,445.9,440.99,426.1,442.68,439.42,473.67,442.5
115,307.29218779962804,286.26,253.9,264.33,247.71,223.28,228.84,255.16,279.76,278.57,272.69,306.14,285.18,265.26,250.69,231.35,237.58,267.89,275.96,269.8,300.21,268.6,248.32,255.83,263.92,231.69,238.82,254.94,268.82,278.49,265.93,237.48,242.41,227.39,260.17,258.43,245.64,266.47,266.33,253.03,275.24,300.94,313.05,281.34,285.98,304.41,278.97,259.98,286.75,253.16,271.31,269.47,265.74,231.24,257.89,248.08,254.11,266.81,280.99,312.91
116,421.90918222991144,414.89,446.65,456.6,442.47,416.32,440.3,430.65,441.88,439.84,418.77,425.89,395.14,389.07,392.33,387.85,405.26,428.21,447.2,414.92,393.51,396.07,426.51,449.96,473.94,460.16,455.22,453.17,429.19,396.36,427.64,409.49,391.29,362.13,392.13,397.71,409.4,438.21,427.4,435.91,403.63,381.7,404.89,423.56,413.1,404.48,406.83,371.85,353.74,333.32,315.85,337.26,321.84,300.25,300.55,326.15,308.04,278.54,268.49,285.83
117,429.26240698402194,451.44,483.61,504.1,511.37,510.9,478.7,512.6,504.44,480.1,491.77,476.67,482.67,488.74,484.94,508.47,492.02,488.42,491.06,502.51,522.39,515.03,525.25,500.79,531.08,522.89,538.96,505.38,484.74,483.84,510.32,512.23,542.32,541.19,540.52,513.9,535.09,517.38,545.35,574.11,596.55,581.55,582.74,588.43,559.53,566.6,533.95,533.78,509.62,487.42,477.97,473.24,481.86,452.07,452.33,430.11,435.29,444.91,448.88,465.56
120,360.22673831624564,334.71,336.0,308.88,339.26,317.11,299.8,293.26,285.08,305.71,302.65,279.6,263.3,263.94,239.26,253.19,258.58,273.61,304.25,333.11,364.34,346.47,320.68,306.84,334.5,367.54,392.69,365.39,396.71,391.35,357.0,352.97,321.19,324.26,312.96,311.1,319.02,344.84,356.17,351.55,373.91,402.3,375.68,377.92,362.84,331.13,342.93,368.32,344.72,366.59,391.33,420.33,403.9,432.18,419.63,423.29,391.83,359.9,375.33,371.44
121,317.3911026403027,295.72,307.62,272.65,294.06,264.61,243.01,242.41,247.84,242.31,238.38,271.45,281.36,248.0,247.1,274.34,260.44,232.06,255.69,263.11,268.03,236.78,227.28,246.32,232.74,244.06,252.18,239.05,271.26,295.23,310.8,281.26,253.69,253.85,231.07,265.07,241.17,247.38,242.71,256.9,230.93,239.76,235.04,264.42,232.26,263.18,286.49,272.32,292.57,259.75,292.43,294.29,280.52,270.9,240.55,274.96,242.71,257.79,253.78,285.27
122,313.4799013165822,315.73,314.49,328.69,298.45,277.02,257.04,273.71,251.95,258.4,238.47,266.07,297.02,298.31,287.97,269.35,237.83,234.18,252.18,255.85,286.93,279.67,293.24,292.49,293.37,277.11,273.96,271.91,286.37,317.21,305.26,273.21,272.95,276.06,252.85,271.6,305.55,336.75,315.55,341.83,356.14,352.91,355.75,380.22,378.83,369.95,369.48,375.02,353.26,381.32,393.51,402.84,374.8,382.09,355.56,326.07,327.98,321.17,327.39,298.64
123,383.7735638819582,361.01,395.11,399.39,412.51,400.29,371.92,405.23,390.27,384.94,395.43,362.16,383.88,386.44,370.92,340.23,316.6,344.25,357.27,339.76,309.35,322.69,327.76,321.08,311.53,291.71,303.58,336.53,313.83,320.63,315.32,311.59,294.38,317.14,316.11,319.15,305.48,283.21,254.22,269.43,248.17,263.59,255.92,250.02,250.51,244.09,225.95,232.68,251.65,264.37,249.41,249.64,232.5,229.99,221.04,252.32,234.18,231.19,232.91,226.1
125,426.29369029710597,449.6,423.36,397.44,401.42,432.67,426.72,414.61,422.08,452.21,475.79,510.47,477.05,449.95,457.61,480.05,465.02,446.76,466.85,435.8,426.66,427.07,431.29,447.29,437.13,445.02,451.0,454.33,464.16,447.32,418.25,391.6,372.32,372.33,396.16,410.25,430.48,420.05,413.38,405.94,384.37,353.66,360.02,394.27,370.95,339.22,358.79,341.47,364.55,378.83,410.03,403.65,414.99,412.53,421.67,418.14,396.34,396.89,398.89,420.63
127,547.1926919894513,551.8,527.81,541.15,542.09,552.63,579.91,569.17,593.49,589.65,576.81,576.91,560.82,594.67,586.58,553.7,541.56,550.19,519.13,485.8,482.3,470.59,466.27,449.66,426.19,439.43,440.45,419.46,406.83,413.26,383.32,358.64,328.77,350.63,368.3,386.03,401.17,413.03,411.42,421.38,389.07,397.57,417.02,417.05,407.08,391.5,401.5,415.0,440.97,429.93,448.81,453.1,479.9,481.85,483.08,488.53,505.98,538.51,508.66,477.4
128,576.2691282147887,572.39,575.89,569.41,540.55,559.32,576.63,559.82,546.26,569.91,539.62,566.3,548.93,555.44,585.96,584.22,570.26,579.9,563.85,548.26,583.03,587.05,582.96,566.45,534.82,501.99,505.78,524.12,526.74,550.59,517.93,508.6,490.19,486.5,456.57,488.36,468.99,498.55,493.36,527.35,531.13,561.29,526.66,544.04,572.25,546.02,517.75,512.47,542.83,545.8,547.72,522.6,487.66,509.37,480.5,489.87,518.89,498.5,510.07,480.58
130,234.37165188977343,226.08,260.52,247.59,227.22,224.52,248.43,274.21,257.2,223.66,228.62,222.47,223.87,236.77,231.9,244.2,235.01,267.04,295.46,300.14,289.95,281.63,275.46,291.39,288.0,312.97,344.06,332.58,336.83,308.48,287.51,281.45,260.88,287.24,263.32,260.22,267.62,281.05,272.86,298.7,303.48,299.25,268.96,266.49,288.94,296.96,320.21,319.79,293.08,259.03,245.26,262.06,282.38,268.08,267.78,262.26,256.0,237.19,227.12,228.28
131,241.02630712207153,231.1,220.42,242.22,238.1,271.67,250.23,242.56,240.6,220.47,249.77,222.07,254.85,282.31,284.8,287.85,298.61,290.7,301.01,269.14,237.92,244.2,252.54,279.96,252.29,275.36,255.06,247.65,239.84,241.94,228.57,241.94,265.65,261.56,260.9,285.31,299.73,299.06,282.1,309.04,314.43,294.91,278.75,299.97,268.06,302.51,276.63,297.35,289.98,289.44,316.09,309.99,312.61,281.06,246.22,234.99,254.02,228.37,224.93,236.41
132,466.17807467112607,481.02,458.51,429.08,459.91,443.16,467.89,493.33,512.41,489.23,511.76,530.61,537.38,525.98,509.36,482.89,483.57,489.54,479.69,477.97,468.42,478.29,506.38,482.85,474.55,449.41,458.16,474.18,504.41,488.93,520.44,489.87,497.08,466.08,493.64,495.73,507.58,530.79,506.31,474.01,500.53,487.58,461.61,459.4,466.28,433.45,417.69,384.99,379.41,407.07,440.86,450.45,426.76,455.17,456.31,432.07,461.59,479.61,495.83,510.47
133,296.1291320166481,275.9,289.08,269.46,265.17,284.91,304.79,301.52,321.97,345.67,356.5,337.49,321.67,308.71,281.89,266.01,245.68,247.63,276.9,249.21,266.25,279.36,251.06,280.95,285.74,276.2,294.16,277.18,290.73,258.51,282.27,278.64,288.21,268.7,281.1,300.16,298.28,306.52,303.46,331.05,330.9,354.83,375.92,369.66,350.77,344.2,367.04,347.97,349.68,371.11,360.85,370.8,352.99,325.64,346.25,318.18,302.18,327.04,316.29,349.4
134,592.2990472140667,568.75,536.46,550.81,547.38,519.43,533.96,501.14,527.05,501.76,475.67,452.97,485.19,498.71,519.81,512.64,501.18,482.59,481.24,484.87,494.09,477.09,508.5,485.38,517.98,484.02,482.7,471.04,467.48,472.43,467.92,461.96,478.25,491.26,514.59,497.09,504.76,510.72,501.6,500.62,487.58,462.51,442.48,414.87,427.68,438.93,470.47,486.55,455.19,482.09,507.48,503.51,509.52,542.85,545.11,573.48,543.59,521.96,517.81,523.74
135,530.1665837078641,564.34,556.56,524.88,545.96,553.27,532.17,531.81,548.77,567.7,566.32,552.28,585.44,583.32,569.42,552.81,568.99,549.98,527.0,529.09,514.39,523.41,496.67,507.52,492.35,457.37,431.26,461.61,487.32,468.67,488.16,495.76,528.72,519.87,532.57,502.02,494.76,527.23,529.96,515.11,488.53,502.78,512.92,504.1,535.67,502.22,488.48,517.95,505.42,488.08,490.48,513.15,485.37,516.38,537.04,514.73,529.57,521.52,514.68,534.51
136,585.8582270326782,557.08,551.52,550.19,541.53,531.95,500.61,513.6,509.14,487.78,509.9,531.08,530.13,516.02,525.69,510.86,492.38,508.52,476.34,447.97,413.45,389.16,358.99,393.7,378.92,354.37,336.24,366.77,368.18,358.72,384.86,377.51,365.96,345.47,336.92,324.09,336.5,321.77,327.17,296.78,275.17,268.69,299.28,290.69,302.18,285.04,258.93,228.03,233.14,227.59,227.41,252.26,221.07,240.12,240.92,248.33,255.64,242.58,236.99,258.13
137,551.0852554860397,529.57,501.4,529.25,518.74,522.33,512.5,486.31,492.56,494.32,473.53,470.16,490.95,497.28,469.06,472.42,486.61,507.1,516.14,491.83,506.54,518.95,485.66,479.48,467.79,479.65,459.78,466.14,495.06,515.91,545.41,578.91,544.51,553.1,547.0,572.19,553.01,586.68,581.33,588.92,557.86,535.7,553.79,520.33,542.51,508.49,519.49,510.05,517.85,531.57,520.54,493.1,462.98,469.21,470.66,487.61,488.29,482.86,475.73,442.58
138,347.5117366447297,380.83,406.98,395.04,401.19,425.5,421.39,387.65,357.87,358.6,391.46,404.98,374.94,353.2,372.19,396.09,404.33,414.44,381.42,404.42,424.6,407.73,422.34,402.38,370.2,349.28,326.78,315.42,309.71,310.31,308.68,292.63,259.67,267.03,259.73,245.64,272.57,289.84,314.88,314.53,288.7,302.44,281.87,277.76,247.31,271.42,245.24,274.4,299.9,297.42,314.53,322.89,344.11,339.34,359.35,356.72,387.59,386.64,384.02,403.98
139,532.1995228691184,536.01,513.6,511.34,544.11,561.82,583.6,550.29,548.04,558.3,581.4,549.04,573.71,572.32,549.69,536.9,521.64,523.8,492.42,468.52,490.41,464.69,446.03,442.77,443.97,462.42,458.73,479.02,487.3,460.22,436.16,431.75,424.53,441.58,447.23,439.4,416.35,397.23,402.52,397.16,398.2,375.15,386.55,411.23,394.29,393.7,426.99,415.32,421.97,393.28,400.7,371.97,404.12,419.22,439.39,453.68,459.96,456.45,481.54,513.52
140,409.6337457035509,439.84,445.67,448.36,445.17,424.82,390.08,371.99,372.67,364.27,360.66,394.31,383.83,380.48,354.83,323.19,342.47,347.42,365.67,341.16,346.19,328.94,309.9,275.71,249.83,240.05,226.43,260.84,247.44,228.14,228.59,245.62,223.88,253.53,285.89,268.16,264.67,231.22,249.61,246.74,236.67,230.69,249.88,247.0,231.14,251.8,257.75,282.86,256.08,276.08,288.23,261.28,274.92,270.83,301.98,276.89,286.89,278.63,310.61,298.71
141,585.6306456068841,595.14,570.92,587.41,599.79,573.69,565.47,566.64,551.8,517.87,498.28,483.02,479.07,456.05,482.18,496.52,467.48,477.99,488.75,520.69,485.9,468.26,498.21,528.46,543.9,562.5,533.9,534.87,516.08,493.77,515.49,489.94,487.75,518.45,496.46,529.92,564.52,568.41,544.74,531.87,526.58,513.23,497.87,530.93,506.67,523.0,488.03,494.76,523.88,509.04,487.03,497.65,512.53,525.69,513.04,495.69,527.6,557.23,554.24,578.47
142,391.8829215010325,386.59,362.56,357.41,360.03,326.61,322.7,342.39,354.99,364.45,393.12,359.38,363.37,383.48,386.37,374.04,348.58,375.71,373.66,400.13,406.14,418.33,439.63,450.77,443.63,444.58,465.79,456.95,449.12,420.82,449.84,421.21,431.58,425.5,418.89,431.46,401.16,407.72,426.76,449.73,426.67,454.49,465.42,492.15,491.12,494.06,523.39,551.38,547.75,531.96,524.48,516.62,501.7,485.5,510.77,480.66,493.09,470.19,459.31,428.62
143,322.58998200507557,341.38,368.33,348.84,346.29,344.21,370.36,388.76,389.68,401.63,425.94,391.61,384.81,413.32,430.14,433.14,435.22,424.56,426.0,436.88,431.17,446.16,471.45,447.28,443.89,437.45,450.57,433.06,442.88,469.3,463.57,492.34,526.86,499.29,480.6,512.13,544.21,516.05,482.1,458.38,493.1,470.7,470.88,495.27,461.7,469.01,453.4,478.76,463.6,476.67,488.87,469.37,436.81,430.46,415.7,437.33,458.36,455.35,462.81,470.11
145,572.6022393475703,589.29,569.05,549.7,533.08,533.39,550.47,550.7,520.45,536.1,557.52,542.78,554.27,549.13,576.37,590.93,579.09,582.75,593.91,579.28,561.73,579.49,556.71,548.91,574.51,583.33,569.19,548.32,538.24,523.13,500.46,517.49,500.13,496.92,488.93,522.68,515.06,485.66,456.95,463.3,470.26,464.57,459.8,428.58,429.74,430.07,405.54,377.81,351.46,323.53,331.21,309.96,292.56,269.71,301.76,326.58,307.71,295.64,275.33,274.76
146,227.45200234021635,248.5,253.22,281.31,257.82,279.11,299.55,273.45,266.35,243.26,234.84,233.12,246.77,245.41,277.25,251.1,284.36,265.5,284.6,273.33,248.35,274.35,260.97,272.09,276.74,274.76,274.47,290.73,261.87,273.64,301.35,270.4,245.25,263.18,258.79,252.04,229.18,242.39,227.26,240.14,262.11,245.19,248.94,283.43,296.5,320.39,314.43,333.18,301.02,274.62,253.83,247.67,273.0,262.24,273.06,287.71,293.74,283.75,289.14,278.1
149,395.6973499541409,388.0,413.45,443.5,429.74,455.22,474.93,505.09,487.29,492.68,476.9,499.59,464.96,469.5,458.24,445.83,455.97,480.57,488.21,512.93,496.45,497.82,494.36,460.18,464.16,475.47,481.9,498.44,503.43,473.1,446.25,453.0,437.25,407.83,402.9,406.7,394.71,410.14,420.2,408.5,426.34,436.75,446.37,450.11,415.91,429.67,420.99,451.97,474.23,480.37,463.02,442.28,431.11,429.47,415.19,416.24,392.82,426.26,398.81,429.05
150,567.1596443330241,567.8,581.51,569.83,575.89,561.02,547.1,552.58,552.45,558.02,543.09,533.78,504.65,473.31,456.05,426.25,398.51,420.41,388.13,399.26,383.34,409.35,408.3,394.69,395.92,387.66,392.16,365.18,399.97,394.76,384.14,398.85,389.32,412.65,409.45,424.82,397.34,421.57,438.07,417.89,393.06,380.2,413.52,396.5,393.43,360.53,353.34,358.33,390.05,391.22,413.56,416.86,384.71,371.76,377.05,408.59,433.73,414.71,395.12,374.2
151,570.5495805949512,590.5,589.98,572.66,569.1,564.7,547.44,547.79,514.92,489.15,516.21,533.83,528.43,529.63,520.53,537.38,557.27,575.7,583.55,559.07,547.73,545.62,533.78,551.63,539.68,514.36,507.29,540.88,521.69,529.54,524.85,494.82,493.97,508.12,509.05,535.1,520.33,491.37,521.93,513.4,518.75,539.19,526.89,542.02,516.5,501.89,477.02,498.81,479.4,494.62,525.65,527.59,530.39,527.66,515.47,513.77,520.97,554.99,585.63,593.19
153,383.1426509675942,376.69,349.67,362.0,376.15,391.61,407.6,372.6,404.37,426.36,454.64,420.74,451.11,472.8,496.41,467.94,484.65,516.84,529.34,534.28,565.47,561.27,568.22,565.03,595.3,563.32,563.4,576.49,587.82,580.33,595.02,597.68,565.08,558.21,524.85,512.91,515.49,544.25,568.51,541.99,513.5,519.75,522.0,505.65,533.61,563.53,556.71,584.03,568.6,582.52,572.5,545.16,575.12,567.31,582.03,566.48,532.77,504.81,504.55,517.85
155,320.746839349381,320.4,344.66,345.02,362.38,337.11,319.78,336.0,312.53,302.12,285.66,275.15,289.73,280.48,284.35,256.35,277.7,268.59,278.99,294.77,274.45,301.38,309.52,304.53,282.29,313.25,331.1,310.66,299.3,320.98,334.68,353.28,349.16,364.31,356.36,336.15,345.44,378.76,365.5,362.77,374.95,377.86,401.9,420.22,389.3,424.19,441.86,467.33,477.91,502.85,475.72,465.06,491.41,470.53,441.01,461.18,484.66,461.05,485.85,498.92
156,417.6314196223019,440.75,435.1,413.68,398.62,398.98,401.17,422.56,442.95,448.65,468.3,446.72,415.22,441.37,411.66,393.93,407.6,401.26,427.6,413.46,379.29,365.34,370.81,362.13,364.57,390.93,419.8,403.42,400.77,404.21,435.65,470.55,452.03,467.92,459.38,424.95,390.6,387.84,387.02,353.6,366.68,352.26,356.45,342.51,319.21,312.71,293.97,296.41,275.33,275.92,251.94,264.92,282.7,255.43,253.18,224.83,243.83,235.55,246.67,251.91
158,262.65160735680365,248.04,258.72,280.02,307.97,316.63,282.02,260.06,232.04,237.09,246.12,222.65,233.12,228.62,248.23,249.36,251.88,248.6,280.8,260.83,262.0,278.52,282.5,312.53,303.99,301.45,272.65,280.28,265.45,241.67,250.86,255.06,225.37,248.19,259.42,237.65,244.72,263.02,265.08,257.76,245.32,256.82,287.56,299.58,269.81,267.06,294.42,266.03,300.25,331.68,302.16,332.5,322.92,347.05,341.34,337.2,346.6,365.81,333.18,339.7
159,290.95853775700095,280.18,269.54,267.37,255.76,228.28,226.3,221.38,237.11,269.74,242.84,274.73,291.07,300.69,310.86,333.73,306.21,306.54,320.34,326.42,349.71,319.77,333.12,335.5,327.04,315.86,324.32,351.69,351.42,374.15,367.3,339.47,308.78,277.37,268.98,257.59,272.85,289.85,258.41,238.89,234.78,247.26,229.0,225.89,258.59,279.88,257.53,250.99,243.47,266.25,266.96,240.91,261.32,254.1,238.17,239.97,247.36,241.4,233.64,239.38
160,227.28570608496133,252.67,231.57,222.04,244.21,265.82,287.79,287.34,266.72,283.33,297.31,279.55,307.79,280.1,313.89,339.11,352.26,382.97,398.53,376.86,372.81,342.82,335.1,352.01,344.06,332.18,338.85,364.9,333.23,325.21,301.29,314.96,287.36,298.9,283.93,262.85,293.39,259.69,255.33,221.84,237.82,246.47,239.77,227.24,235.9,254.22,274.16,276.31,282.6,261.64,246.75,230.0,231.22,230.39,243.58,252.96,284.22,262.91,272.83,295.04
161,432.89175623755995,415.74,399.12,366.87,353.25,370.37,338.7,319.05,333.49,353.28,350.15,364.02,356.18,332.37,325.24,330.84,362.2,332.01,332.53,320.55,321.13,287.81,274.72,297.11,300.89,297.43,282.42,268.28,260.1,283.59,316.29,312.0,304.53,328.79,323.67,327.31,308.48,325.53,327.77,349.4,369.05,349.1,364.19,385.19,374.42,351.5,316.68,313.24,302.91,306.75,284.91,310.09,293.13,273.98,272.63,272.55,252.61,238.38,229.06,251.66
162,512.6338318765511,510.0,524.99,541.51,516.19,548.82,571.29,549.32,527.35,501.15,475.84,493.21,491.09,510.9,528.14,535.46,548.51,514.79,501.61,511.26,476.91,444.22,468.85,481.73,465.31,478.47,498.94,485.42,452.94,483.23,472.39,444.84,444.27,463.06,443.58,427.44,409.43,443.85,422.67,427.96,457.73,433.01,465.97,497.29,524.21,504.23,513.61,531.87,565.89,543.36,561.98,550.7,527.99,522.49,543.06,540.6,543.23,577.89,565.68,573.34
166,443.47277342478515,448.42,447.32,450.82,450.25,454.83,469.92,442.59,460.06,434.57,404.23,437.56,469.55,438.78,434.81,412.85,411.82,434.93,466.47,475.87,465.64,472.87,459.71,488.4,514.33,518.41,506.15,491.69,459.03,481.14,477.67,465.43,463.41,485.72,459.44,484.48,512.31,543.58,536.4,516.6,507.75,496.05,473.38,480.89,479.25,504.85,472.1,482.17,500.58,518.74,545.77,561.8,591.75,571.14,568.27,534.21,499.7,481.51,453.57,436.78
167,287.27645192079103,254.27,282.99,248.57,266.79,242.44,272.4,299.9,310.67,322.73,288.1,322.04,348.49,376.15,387.3,376.44,404.0,389.41,393.8,365.78,395.32,370.17,350.91,354.98,373.47,381.82,363.07,328.14,346.14,380.1,401.79,399.0,427.26,420.95,422.7,421.1,417.43,436.69,438.56,425.73,408.8,376.44,382.26,363.36,338.73,349.5,362.18,379.83,380.08,407.66,438.2,459.72,469.21,455.47,489.28,473.47,452.66,448.61,417.59,451.08
168,443.6047514382414,447.59,458.5,458.29,425.53,433.39,448.52,442.69,460.7,441.59,422.08,398.38,389.42,413.71,436.66,428.46,434.7,450.16,432.04,408.81,441.86,450.09,483.79,472.43,486.64,467.22,450.5,451.33,438.7,415.43,398.83,366.33,380.64,380.09,351.69,328.71,300.89,308.77,280.36,298.16,264.6,247.06,275.27,290.57,260.68,283.16,282.67,306.94,313.99,326.72,361.27,342.53,351.21,348.43,316.19,282.2,255.55,265.99,270.69,274.43
169,232.10556976073883,242.11,272.81,265.64,274.38,293.97,313.84,315.19,340.25,332.65,359.86,341.68,326.3,295.02,315.71,309.9,290.94,272.17,300.27,323.64,327.39,335.52,333.72,326.14,355.22,329.01,323.3,312.42,312.29,309.32,310.64,285.43,286.35,268.32,246.22,223.97,249.72,247.66,259.27,275.2,287.75,285.69,277.84,269.16,278.96,278.6,303.04,329.27,306.21,280.75,289.88,275.97,242.27,270.89,251.77,282.05,297.27,315.66,294.76,276.15
170,418.081746453145,395.13,381.51,369.01,345.18,324.54,344.74,321.44,288.43,297.48,330.8,318.98,292.29,297.22,325.66,345.54,354.12,341.17,344.1,315.49,328.02,343.78,376.33,359.56,325.85,329.04,343.52,363.85,342.41,325.73,326.61,314.75,339.99,338.15,359.12,364.76,383.88,372.17,395.37,379.59,382.82,362.8,361.09,348.36,332.03,364.72,340.93,361.04,394.93,361.32,375.25,357.95,325.78,318.98,349.45,315.27,321.42,321.52,347.66,318.54
171,478.9798913569271,491.59,503.43,534.39,557.01,524.95,522.93,515.79,502.5,499.09,490.98,486.24,519.79,490.99,520.55,519.17,527.83,550.94,541.17,536.3,529.97,521.2,550.99,574.02,545.67,518.24,513.19,485.1,493.44,468.5,470.07,435.58,422.74,435.14,434.02,467.5,493.69,483.82,452.0,476.19,504.98,527.42,501.38,536.23,519.33,535.02,563.58,545.08,573.66,557.64,590.99,568.37,596.9,563.94,578.59,573.61,567.95,547.94,562.33,540.69
172,430.07988247421196,412.81,444.7,411.7,390.68,372.64,366.62,347.91,347.3,373.37,388.21,393.81,365.04,378.62,355.27,375.32,357.82,352.01,341.54,366.66,340.52,345.12,320.06,334.4,362.76,358.18,357.35,387.27,388.74,387.87,393.35,406.6,379.08,401.56,397.05,367.11,387.14,378.53,350.56,359.92,386.53,413.67,445.71,471.45,436.6,428.22,450.52,441.16,448.27,455.71,446.26,474.57,474.8,472.33,507.16,506.71,484.2,485.11,507.09,526.47
174,483.6216935053649,501.79,526.5,559.6,543.27,558.4,551.0,563.4,561.72,596.28,589.5,597.84,593.87,596.01,592.76,577.15,556.72,547.64,514.06,515.74,516.09,517.86,551.04,579.84,553.76,544.58,539.26,529.5,550.39,552.07,557.12,581.83,589.68,560.67,575.64,566.49,551.68,520.18,519.29,509.17,491.78,505.41,524.27,506.41,474.87,499.28,464.98,495.58,504.51,492.04,474.29,439.92,421.4,396.04,403.89,380.55,382.55,388.86,374.72,342.17
176,264.78684129831265,296.86,268.23,249.4,223.0,246.79,272.54,267.92,297.92,304.24,313.34,337.52,323.3,313.1,341.52,369.59,402.94,431.07,404.99,427.65,421.34,455.7,453.76,457.53,459.61,447.13,417.38,445.08,466.27,441.04,460.41,469.22,462.86,445.64,470.82,484.83,488.17,495.84,467.21,465.38,443.94,423.53,434.82,463.61,456.87,436.41,446.82,472.8,490.18,515.99,518.55,536.18,510.98,500.36,492.63,493.42,523.46,549.66,524.08,501.18
177,355.9034088437863,341.26,349.29,377.48,409.84,420.59,444.26,446.02,425.6,427.33,431.19,448.16,428.55,419.33,409.81,441.97,438.05,455.91,473.47,457.06,462.09,489.69,487.95,519.11,499.12,469.31,496.71,521.05,555.53,568.09,595.76,593.21,593.5,582.12,567.34,595.57,577.61,573.53,565.95,569.95,565.56,533.89,560.63,556.74,562.97,537.71,502.95,485.12,499.44,471.38,500.0,480.05,459.37,437.08,403.06,422.09,448.34,456.33,434.5,419.47
178,400.8521449986861,432.66,414.97,431.19,426.95,412.8,409.71,379.69,400.6,382.63,398.41,368.19,400.05,378.56,405.35,427.01,459.76,458.21,474.13,465.08,442.99,439.01,415.61,449.35,421.09,427.33,436.18,438.85,450.2,423.33,427.18,412.28,443.09,461.44,494.52,462.15,447.11,425.79,391.57,373.53,386.04,367.22,367.85,395.0,408.56,401.18,392.25,389.15,366.54,375.92,366.41,391.08,409.04,416.78,407.27,386.97,406.3,405.35,386.08,364.74
181,580.8242261031877,564.22,536.79,537.25,508.26,541.13,508.84,526.59,528.35,519.15,488.76,497.31,503.28,487.94,516.66,502.95,499.43,502.49,474.51,504.76,495.98,466.63,458.74,465.75,466.71,480.33,449.21,434.13,456.48,427.07,451.95,423.38,446.79,437.05,444.9,420.6,390.23,370.35,344.3,331.17,332.18,338.39,358.68,369.62,377.23,371.05,369.22,363.24,387.19,368.29,333.69,344.28,323.45,350.76,375.89,346.26,318.71,318.37,326.02,310.26
183,483.19310850153823,489.65,516.16,506.14,492.13,472.1,439.74,407.75,433.65,446.14,457.38,465.4,489.85,488.47,514.4,504.56,534.43,548.34,531.34,535.83,538.14,512.79,519.18,506.21,474.87,506.28,516.18,542.56,554.88,544.87,545.76,558.06,590.28,566.62,591.45,596.69,587.37,596.73,576.96,597.27,588.79,555.73,584.21,573.82,566.98,570.51,545.14,542.98,566.16,532.23,516.33,481.5,475.6,491.58,512.49,543.65,551.25,534.07,563.76,583.03
184,438.28282354119494,451.98,481.68,496.55,487.34,502.25,470.07,462.12,455.56,432.24,398.86,373.2,384.02,405.18,439.35,428.6,435.56,466.16,442.85,458.09,475.94,447.17,472.46,494.38,461.72,433.1,401.54,389.97,390.62,392.88,376.62,405.43,396.21,364.4,350.42,352.6,346.18,330.35,304.54,326.88,361.61,349.68,341.39,349.65,364.94,357.38,385.73,389.93,386.46,396.73,428.43,449.05,416.85,405.11,403.05,390.07,404.08,426.92,443.11,477.36
187,244.93863822758135,244.06,265.17,294.23,288.17,282.82,297.0,327.99,311.68,307.49,328.21,335.89,308.63,317.57,295.64,296.36,298.4,324.73,322.1,306.66,287.83,314.03,291.0,285.81,263.91,283.04,281.25,270.83,261.11,285.76,289.52,304.77,332.56,360.68,348.68,380.35,347.09,338.47,366.18,350.4,334.52,320.7,328.56,324.24,340.11,367.75,379.94,359.25,389.54,373.05,348.54,319.84,324.28,297.24,271.95,257.95,242.67,254.85,277.05,295.34
188,319.74409279226114,301.92,334.53,300.11,326.69,305.67,336.98,325.94,321.76,336.26,342.4,329.66,333.43,349.58,317.54,283.32,280.38,254.61,266.25,246.23,246.5,232.16,245.87,227.06,220.97,221.84,255.15,230.11,251.96,224.55,224.28,239.99,245.56,277.63,308.77,328.34,335.49,332.34,322.27,353.57,360.77,366.31,347.54,315.81,346.97,333.93,329.91,302.93,326.51,293.44,316.82,291.64,318.7,334.78,311.31,315.92,302.81,280.29,305.43,298.68
189,371.4466114588453,348.34,340.15,366.16,356.58,388.19,419.43,394.57,371.98,397.37,389.86,355.17,339.34,346.17,367.12,341.46,314.2,343.75,361.33,367.61,386.45,381.47,399.56,390.59,372.68,388.71,383.09,416.79,406.25,435.77,466.08,448.01,468.89,464.21,493.44,489.95,507.05,504.74,485.69,464.64,459.42,477.3,484.66,497.86,482.62,481.32,449.43,471.66,505.95,499.43,465.2,442.09,452.77,460.62,480.77,463.54,481.99,495.15,482.75,485.93
190,275.96404722936416,272.64,299.32,293.8,317.57,323.89,302.32,308.0,308.42,301.32,274.69,268.86,238.95,225.33,236.77,235.81,267.03,258.33,276.38,278.5,292.79,276.0,306.93,309.04,332.23,322.78,294.79,306.95,272.49,270.76,249.26,260.32,293.88,291.39,313.61,314.15,313.86,343.99,371.29,391.3,377.04,380.19,360.86,356.93,355.82,379.03,406.75,400.77,367.01,392.33,369.53,378.06,344.81,337.78,371.8,343.85,338.51,325.01,353.37,379.22
191,310.325528916367,281.01,289.91,278.46,290.51,257.76,232.1,252.33,234.3,262.28,231.38,229.99,264.93,260.25,274.46,252.25,261.01,276.84,263.85,286.87,294.11,286.35,290.38,295.75,272.34,265.53,254.57,247.89,267.87,266.65,297.47,283.03,277.13,297.22,300.44,303.73,272.46,265.36,249.31,284.27,270.85,297.76,310.1,298.96,302.01,325.85,352.69,328.92,317.69,306.16,274.1,280.98,305.82,297.53,314.33,323.27,314.57,289.44,304.09,328.91
195,270.13333378644813,269.82,242.28,239.79,228.13,247.43,279.28,314.05,305.32,312.25,337.19,310.41,323.68,317.3,296.73,289.92,260.24,273.92,256.61,243.41,227.07,256.38,255.92,260.97,265.83,259.56,238.04,259.52,233.41,225.03,248.43,233.25,234.8,243.67,246.36,263.48,272.12,282.23,297.21,282.69,270.25,265.91,252.43,286.41,308.39,284.92,250.31,222.79,229.22,225.05,241.36,268.36,284.93,265.02,257.97,258.52,280.23,303.97,332.65,333.3
197,570.409903701176,577.83,567.78,585.88,591.06,568.82,556.3,586.82,559.76,527.71,524.49,545.57,564.59,593.96,580.84,551.26,557.47,576.96,547.38,524.47,490.33,496.89,523.96,535.91,569.65,538.77,566.98,587.35,567.32,598.21,573.8,593.23,595.02,590.31,580.49,552.03,554.27,544.25,564.71,582.78,595.33,560.92,582.56,596.77,591.94,562.55,533.24,499.7,508.71,517.79,551.87,544.73,532.96,541.67,564.46,595.03,592.13,575.42,578.25,591.84
198,406.431681558461,386.6,363.48,328.49,343.77,316.55,298.62,284.47,288.7,281.56,293.79,262.68,236.36,245.64,240.43,236.4,223.45,254.44,268.04,241.55,223.68,257.71,270.39,264.61,278.73,296.67,316.27,314.72,309.81,275.58,305.44,312.67,291.89,321.26,350.31,384.55,410.73,445.57,427.7,451.66,474.27,455.44,427.33,460.89,446.61,472.57,437.86,404.33,401.94,383.65,396.94,401.53,371.95,348.33,340.49,318.48,338.94,333.06,304.6,303.5
199,254.5185088033374,228.96,230.53,259.13,288.85,311.69,300.08,284.15,287.59,303.12,337.66,311.87,280.32,293.92,317.18,341.42,353.91,385.69,386.46,415.43,448.18,472.48,459.16,437.9,441.27,437.98,464.42,436.42,419.46,437.09,408.74,396.19,388.29,396.87,372.94,398.18,394.51,423.7,421.45,405.7,380.63,345.89,348.14,320.64,313.06,319.31,303.61,280.88,300.11,331.39,303.42,279.31,311.51,279.15,312.58,277.91,304.07,290.58,321.28,308.47
200,468.63640218294125,439.24,421.2,440.36,442.37,472.33,467.34,493.23,489.66,523.21,555.4,543.44,570.45,590.16,564.61,573.31,542.79,566.36,543.34,513.3,506.32,511.7,536.54,569.74,563.42,532.65,550.09,554.65,551.0,537.65,537.82,526.53,544.52,547.59,573.97,572.14,552.12,576.7,574.19,551.77,560.42,550.46,574.57,566.96,581.39,551.51,544.23,578.06,589.09,561.43,545.87,533.96,544.49,562.48,579.95,573.02,588.27,573.69,546.29,550.8
201,581.8745261484205,589.0,580.62,580.79,596.24,577.84,561.78,595.19,594.56,572.62,566.55,559.96,535.4,567.45,559.76,586.03,560.3,563.65,530.33,548.83,554.49,563.28,531.9,511.67,481.87,467.09,476.01,480.64,488.49,491.94,476.05,458.17,432.76,457.19,465.34,443.4,420.8,446.91,463.9,475.06,468.54,451.88,485.44,506.25,492.37,516.7,534.83,520.63,515.49,493.51,466.28,481.87,465.6,488.0,522.69,493.05,491.16,512.3,532.53,550.73
202,352.61807541472615,349.39,356.04,389.22,377.15,406.77,390.62,424.86,436.78,434.23,442.17,426.25,410.44,383.39,356.37,345.71,364.11,371.67,343.85,368.51,375.61,407.87,419.78,397.04,395.2,405.59,372.57,338.61,312.67,295.29,290.36,289.48,264.14,276.28,283.01,268.62,234.58,223.85,235.22,227.73,236.1,252.1,256.72,237.9,238.19,252.66,278.25,295.97,299.71,290.07,280.62,307.18,274.93,309.09,320.6,333.28,300.94,308.33,307.26,279.66
204,259.07647010437984,227.78,256.6,286.51,257.85,230.79,221.52,223.82,228.13,261.84,273.59,293.09,312.42,314.88,335.7,342.41,329.43,333.71,336.06,358.7,392.42,386.19,404.63,376.61,395.99,386.99,354.75,345.18,352.92,326.27,355.95,326.39,356.49,370.99,359.07,351.42,368.28,375.38,387.4,379.64,378.79,413.08,393.05,387.3,372.73,391.29,409.77,395.24,365.94,331.74,326.66,320.38,354.57,352.46,335.41,362.8,362.17,369.11,340.81,332.61
205,578.804996300039,576.93,561.94,570.74,594.24,570.41,568.04,597.23,568.74,581.42,579.34,582.17,565.72,552.47,565.36,545.37,539.75,517.92,483.5,516.4,511.62,544.47,519.29,525.41,504.48,524.79,544.65,517.53,546.37,524.99,532.9,566.89,591.99,598.13,575.76,547.01,525.19,525.22,545.75,521.26,532.44,520.09,508.97,520.3,517.99,539.83,515.74,536.04,505.54,484.12,495.05,519.89,502.58,490.48,493.08,472.89,494.67,513.82,488.99,486.46
206,514.4345513287561,503.05,512.37,480.88,488.49,464.18,487.32,477.2,461.91,485.77,454.28,447.04,437.94,422.88,451.7,469.26,438.73,453.76,455.67,483.73,470.64,475.83,475.88,475.15,472.08,451.47,469.37,465.96,498.06,481.32,494.11,524.96,536.4,562.39,585.31,568.2,573.29,547.93,550.42,531.55,548.61,550.57,544.36,528.18,563.09,533.11,501.16,481.37,514.35,547.9,558.74,585.35,560.97,594.01,564.86,536.94,509.79,514.91,534.58,525.25
207,591.6004753587281,575.45,549.41,547.03,559.56,582.82,571.76,574.3,555.53,565.74,599.03,565.79,592.15,581.24,559.79,591.63,577.59,561.63,539.33,521.44,544.74,552.75,581.68,559.05,532.53,497.96,498.51,533.39,547.04,533.63,560.01,579.73,545.58,567.76,552.97,528.45,509.29,507.09,501.83,487.05,464.11,482.47,516.78,536.23,521.95,504.09,484.33,458.9,462.49,469.87,484.26,496.87,482.33,470.45,483.16,472.62,452.5,443.7,427.75,398.93
208,535.4527828651284,560.17,540.55,510.08,526.8,506.61,499.15,468.64,449.48,469.98,491.29,470.79,459.3,433.7,403.89,438.34,449.23,452.18,470.76,494.57,516.04,482.2,460.28,471.12,462.42,496.19,507.77,539.73,518.83,544.31,531.8,566.07,541.94,543.08,563.58,558.86,556.63,590.67,574.52,576.05,544.27,568.22,576.5,565.14,531.27,537.69,503.58,468.66,476.79,455.02,433.45,444.18,412.94,399.88,375.34,380.95,392.27,407.75,390.62,361.87
209,249.89978963792117,247.66,279.27,259.51,242.48,225.8,244.71,260.6,270.61,295.89,294.94,269.35,254.61,266.11,274.03,276.2,289.01,298.63,325.32,331.34,350.84,333.25,345.72,373.87,365.87,385.41,401.15,370.32,376.03,350.14,382.85,404.65,377.33,350.85,357.46,346.6,314.04,316.95,309.1,281.18,302.31,331.37,349.33,371.9,352.05,335.5,315.1,333.65,365.0,380.18,406.88,416.59,408.73,403.53,373.8,341.0,354.68,350.37,354.03,358.07
210,325.4028090666545,323.72,321.67,313.86,336.31,332.89,340.15,367.84,393.48,420.81,404.71,372.16,355.43,339.94,368.6,379.05,349.77,324.25,300.15,309.28,325.76,350.94,381.78,360.9,347.58,329.4,319.51,348.54,353.8,370.47,369.78,336.8,306.29,308.94,324.26,304.33,319.86,341.61,335.44,352.69,345.97,358.45,376.93,411.36,400.54,394.31,370.9,350.19,363.73,392.92,385.54,363.13,348.09,344.94,330.29,311.64,328.16,293.71,296.46,317.02
212,432.90262872684974,403.83,432.09,460.59,474.47,504.3,526.1,549.1,553.98,540.4,520.65,508.55,517.54,494.63,477.73,475.49,456.8,463.01,492.63,510.0,521.65,527.44,526.6,504.66,532.29,514.69,486.08,503.58,480.87,471.9,438.88,413.47,390.59,359.4,370.37,393.96,385.09,411.31,391.24,379.02,354.57,363.01,357.4,365.33,383.65,386.85,395.78,426.25,412.18,402.32,417.56,425.35,402.85,394.18,391.93,386.29,363.77,393.48,411.84,410.53
213,478.4231907565979,506.23,480.76,463.29,466.28,487.21,454.75,488.63,485.47,475.62,461.11,438.31,458.72,490.6,484.56,516.23,538.9,537.57,549.75,545.2,549.31,518.37,532.11,500.81,523.01,545.76,527.36,515.02,513.71,520.48,505.59,512.06,497.91,466.79,431.97,404.05,424.51,456.81,451.7,452.59,427.87,431.44,406.57,414.36,444.69,423.39,441.91,408.56,399.84,372.59,362.26,339.41,330.54,324.77,310.81,321.77,351.09,344.13,322.59,306.54
214,544.5203129286202,549.54,546.39,521.86,518.34,502.83,533.85,560.73,531.6,532.77,513.52,507.27,533.65,535.58,523.98,503.53,524.55,533.27,531.03,511.25,499.65,531.84,533.25,526.3,527.8,547.33,536.14,513.65,519.6,531.16,546.05,572.79,560.88,531.15,563.23,558.68,567.31,577.41,573.88,551.43,569.29,587.1,578.59,571.15,543.42,514.3,503.07,489.83,521.59,541.44,552.63,553.87,530.59,564.08,555.33,527.81,527.38,553.56,580.67,546.27
216,221.33177214180213,221.0,249.66,232.9,222.91,228.99,238.74,259.26,267.96,249.59,252.51,282.53,304.58,292.2,325.96,340.56,309.93,277.39,254.18,270.35,248.21,252.33,226.28,258.01,247.09,276.39,307.53,272.96,270.45,237.18,267.42,268.71,238.96,225.95,235.7,267.67,281.17,306.9,297.55,265.57,298.77,264.97,296.31,287.12,252.83,266.75,300.39,332.98,309.25,286.94,291.53,301.14,317.9,295.57,327.7,337.41,361.7,364.5,358.5,391.9
217,441.2061209115377,466.89,498.62,510.89,514.32,479.57,447.37,426.43,404.45,387.28,373.63,363.83,358.27,330.19,298.16,310.34,312.95,309.04,318.45,341.39,336.33,346.21,377.96,401.73,396.55,406.68,384.07,388.31,422.0,423.28,453.21,446.72,481.64,487.19,455.15,461.22,445.44,412.71,435.17,419.47,440.23,425.41,404.01,437.19,427.51,434.61,442.31,446.54,475.57,487.78,481.04,506.41,484.08,487.18,518.72,527.5,549.69,560.44,584.2,597.18
219,582.1577027407411,562.05,553.79,525.2,498.06,513.93,545.03,552.78,567.89,584.03,562.43,530.6,495.73,485.28,467.18,436.54,414.11,387.82,416.86,391.68,394.32,400.84,403.88,375.81,363.13,331.72,324.42,302.62,306.93,320.43,322.68,318.08,310.19,334.11,314.47,330.87,348.89,343.23,329.04,326.98,298.5,266.72,239.53,230.21,242.79,269.07,250.56,281.31,313.15,345.27,368.9,359.37,329.46,334.28,338.39,362.89,397.61,398.18,387.34,365.35
220,221.82393343060087,238.75,249.86,273.51,273.83,302.98,311.95,335.77,311.15,336.02,348.28,325.2,303.48,333.34,300.6,297.98,284.92,296.48,320.25,310.48,305.36,339.09,358.96,386.76,382.47,363.86,357.69,372.82,345.48,329.41,297.67,292.93,315.85,282.58,294.85,325.12,306.7,320.25,353.51,385.87,367.32,339.34,314.72,328.86,344.66,356.86,345.39,322.27,327.92,326.78,342.8,338.7,327.4,312.94,292.74,276.34,247.98,241.85,222.08,226.91
222,478.9833000792189,467.72,472.72,469.04,480.18,448.72,448.25,433.97,421.8,454.06,431.85,418.64,419.33,444.74,438.91,455.98,480.93,467.63,460.12,450.08,473.38,441.48,428.07,440.63,445.21,440.75,443.55,422.38,417.53,417.65,445.73,428.99,454.74,464.84,431.26,446.98,414.47,449.29,475.37,461.18,444.2,435.9,425.83,416.89,404.17,412.65,389.15,413.37,435.24,433.59,458.28,440.58,406.81,415.15,412.2,416.9,444.85,477.74,487.15,505.63
223,251.84720472512242,230.74,253.54,249.57,248.8,239.69,253.22,232.63,249.86,231.27,222.95,232.54,230.99,260.88,229.73,227.9,243.54,248.16,222.9,220.27,254.85,266.02,256.6,254.53,238.53,238.46,254.7,281.53,259.42,283.25,256.76,236.81,221.93,225.2,256.88,254.04,225.36,258.73,285.26,303.09,333.43,313.84,337.39,350.69,376.57,397.35,386.6,405.81,389.18,377.18,349.73,380.19,365.56,367.0,359.39,391.58,380.03,399.53,424.41,419.9
225,305.8749709513671,316.82,293.32,262.24,235.71,267.16,270.78,291.52,279.81,286.3,285.95,317.15,334.48,350.62,318.86,322.34,320.03,349.98,332.99,316.88,310.67,292.71,266.75,291.77,295.85,321.15,344.33,329.07,332.41,303.24,332.31,325.61,318.17,304.36,301.61,284.23,275.47,296.47,319.87,306.16,303.99,330.16,298.85,326.09,306.43,318.93,324.71,328.42,353.58,325.69,314.98,317.66,339.45,319.6,340.81,333.78,312.0,330.13,301.49,302.52
227,403.52227802233296,389.4,413.56,420.71,417.49,411.05,410.86,378.69,406.19,441.07,418.77,392.2,367.25,378.52,389.82,414.17,431.8,428.28,436.18,449.36,450.25,448.55,458.71,462.73,472.81,480.71,496.05,506.05,507.43,520.16,516.62,498.54,463.64,467.84,474.19,507.23,497.53,490.12,469.25,439.19,458.29,440.77,448.39,461.53,459.52,485.86,481.93,466.87,494.59,519.9,496.38,463.2,434.5,419.56,452.62,456.72,447.85,475.06,471.78,458.85
228,577.6634209233498,591.37,593.18,579.6,588.33,561.7,566.83,598.9,574.4,587.54,575.82,543.18,561.59,538.39,547.59,518.59,549.87,535.29,516.14,490.18,521.4,536.23,553.15,553.11,551.34,524.04,528.23,510.51,543.91,564.67,558.58,534.17,554.14,527.68,505.93,485.74,489.72,509.81,496.81,467.74,465.26,482.63,463.15,443.54,474.85,506.64,540.97,562.51,540.68,520.52,509.34,496.61,528.57,548.81,564.49,542.51,571.18,589.01,561.54,587.52
235,485.76396897862406,502.22,487.55,473.79,493.6,479.37,483.76,466.21,488.4,461.14,484.2,491.39,469.47,472.41,457.18,444.82,434.43,403.86,437.88,405.09,416.46,407.45,417.67,407.61,419.77,435.82,449.16,422.14,433.12,417.72,384.74,378.78,374.13,371.83,386.17,372.79,359.86,329.1,342.18,346.93,336.39,350.75,353.37,351.22,352.01,361.55,372.75,357.98,332.83,308.79,318.55,344.65,338.31,315.18,333.14,356.41,383.05,390.53,415.78,381.86
236,260.7496046724189,232.23,253.66,224.78,239.75,245.88,238.92,266.93,243.86,240.75,263.16,230.29,250.48,273.46,303.72,330.06,317.42,323.47,293.88,276.93,248.53,240.02,268.15,257.45,261.78,257.12,254.24,287.13,272.86,281.77,276.17,245.45,249.58,272.53,244.44,224.14,226.01,251.35,268.04,272.59,270.37,297.55,316.22,338.06,359.99,369.98,367.04,392.57,422.39,389.06,357.67,389.78,374.18,400.32,392.54,365.88,336.51,312.47,294.96,294.16
240,234.49837025544335,241.28,223.55,250.42,254.64,222.02,221.5,242.36,266.24,261.89,265.71,286.7,294.44,275.17,283.08,292.06,308.45,316.91,349.76,328.57,360.15,362.83,374.87,346.83,338.47,357.33,371.81,339.62,342.88,314.06,348.77,376.58,343.06,368.17,397.53,387.28,402.65,398.6,409.47,398.29,385.87,380.58,355.77,378.95,368.36,361.37,388.95,388.71,391.81,423.76,450.83,427.69,425.82,458.81,449.88,440.89,419.54,392.54,409.36,428.26
241,588.22492613114,589.4,565.5,533.29,567.27,555.33,542.17,570.59,573.28,551.54,578.78,599.63,567.7,590.73,573.02,570.5,594.51,598.92,573.38,551.5,522.14,526.47,492.42,486.25,456.39,449.76,417.56,441.03,420.71,408.69,434.59,451.83,432.16,402.19,417.29,409.64,428.27,424.44,413.66,410.24,427.64,455.8,424.28,425.97,393.27,391.06,418.03,408.34,438.61,447.75,478.14,496.14,468.38,449.56,442.15,419.06,418.7,416.7,448.64,444.0
242,518.5381856294391,549.47,575.86,553.2,552.92,542.26,535.25,525.51,548.36,545.01,546.67,580.44,548.71,547.87,567.05,542.32,550.13,531.89,557.61,545.51,533.54,540.41,518.26,503.2,497.36,487.11,488.85,495.82,500.49,511.28,497.82,471.67,489.93,514.48,497.47,490.97,490.87,493.2,504.36,472.27,487.77,457.11,454.89,477.83,474.42,449.86,483.81,511.06,530.05,523.86,501.73,532.63,534.89,559.55,548.5,536.97,570.96,569.38,543.61,523.99
243,403.1388261692339,371.11,368.49,362.82,382.37,372.22,406.0,383.65,390.02,361.3,377.67,412.3,434.64,438.54,437.47,460.92,491.44,525.68,518.44,552.8,528.71,511.46,482.69,466.71,485.47,510.17,529.69,538.86,539.84,554.45,546.81,570.7,579.24,583.15,575.94,593.22,568.75,559.0,578.43,571.3,592.94,572.51,560.59,587.8,574.72,570.83,557.18,541.55,552.47,525.86,552.41,571.95,548.98,562.56,569.74,546.78,530.9,524.53,538.48,548.19
244,422.24924211714523,441.04,459.1,467.35,487.44,475.84,502.53,510.57,533.14,536.38,516.67,519.64,510.62,524.44,522.75,546.28,558.75,571.67,550.42,584.32,591.98,590.92,570.48,570.04,543.95,546.64,521.85,525.56,535.97,528.28,528.18,554.48,527.08,547.5,524.45,492.02,470.01,488.56,481.92,508.0,509.73,476.29,491.46,464.18,484.44,461.21,450.39,468.68,500.48,491.48,514.54,492.9,514.4,525.42,503.91,490.09,464.31,456.12,435.38,445.46
245,597.9119396038124,563.36,566.22,570.68,594.48,579.98,574.89,568.24,551.19,520.11,513.72,482.4,485.93,472.44,474.79,449.19,479.47,507.09,485.39,474.43,482.37,454.07,443.89,426.47,455.56,480.24,485.83,487.25,517.4,547.67,580.52,552.35,528.59,540.96,543.86,510.15,479.49,506.66,532.48,522.49,549.86,556.42,577.83,567.27,539.95,535.31,532.32,535.89,508.28,542.68,524.77,503.67,505.55,508.15,503.94,522.97,524.14,531.82,547.48,514.23
246,436.844789367117,463.74,429.96,423.32,453.16,442.88,439.99,473.7,452.65,422.22,447.38,473.17,471.22,472.21,495.72,512.42,495.98,462.16,460.74,485.86,513.57,545.51,572.08,573.58,565.89,584.44,586.85,577.76,547.76,577.59,568.75,557.82,566.89,577.79,554.84,578.43,559.83,537.9,531.35,547.49,580.07,589.52,597.29,567.59,537.39,541.43,526.75,549.71,561.75,594.7,569.97,566.56,565.86,547.4,553.71,549.74,546.01,536.4,502.59,504.14
247,347.39417756612585,312.49,299.05,283.55,276.09,250.32,253.16,267.2,276.31,297.57,294.21,295.55,317.28,312.22,326.33,321.75,315.99,334.2,311.44,300.14,280.83,270.97,252.1,258.88,279.75,299.81,290.33,324.54,331.11,324.07,347.56,363.65,381.1,359.83,357.61,382.94,383.22,396.06,402.22,426.18,411.1,416.38,390.01,403.32,419.56,387.56,399.87,393.9,367.59,361.98,340.58,334.67,326.57,343.26,362.46,369.95,336.54,366.71,379.75,347.14
248,531.1565017013647,510.18,515.73,513.39,507.78,535.06,530.68,500.95,532.21,561.65,574.56,567.84,539.08,559.43,529.71,499.51,502.13,478.34,443.88,438.5,413.11,389.35,359.73,339.09,354.17,375.79,372.47,372.93,340.22,310.07,293.1,296.17,312.94,320.29,312.74,286.02,305.67,296.14,312.66,313.57,330.28,358.79,388.26,390.72,391.53,375.13,405.64,402.69,376.62,371.91,345.8,345.98,350.27,338.91,308.93,339.98,359.11,382.83,373.51,391.77
251,226.40789063119968,226.28,223.8,229.3,224.43,247.28,221.81,242.74,228.12,260.76,291.08,271.87,279.88,246.84,277.62,279.23,247.26,241.32,224.33,235.45,253.8,252.33,245.84,227.25,230.35,224.54,251.93,229.05,246.23,240.99,232.65,250.47,249.92,245.98,256.15,255.54,241.78,251.74,264.68,231.55,241.69,223.27,227.13,243.61,270.77,297.57,267.47,261.81,267.62,242.91,264.33,281.43,309.66,275.25,255.42,278.32,290.26,317.87,286.87,293.66
252,436.2376984595962,403.73,404.68,412.35,390.74,374.87,384.69,382.47,407.53,396.5,380.17,414.11,442.89,409.92,428.87,401.59,368.51,352.67,336.52,358.87,373.62,407.33,422.14,416.42,430.34,465.3,480.01,498.33,529.02,501.98,516.31,540.87,572.68,550.83,551.11,563.75,546.07,553.1,536.13,524.47,520.38,522.42,518.88,518.4,504.3,480.43,448.74,427.46,433.2,453.23,430.08,402.68,420.13,406.49,438.09,453.09,440.96,426.23,427.89,398.43
253,264.7170748052136,242.03,264.18,265.15,230.89,250.91,247.93,252.15,234.38,247.25,280.95,251.09,238.76,233.06,231.95,237.78,263.18,292.08,271.24,274.25,283.83,285.36,280.75,259.19,258.37,251.46,272.87,291.32,265.7,236.9,267.13,269.62,294.67,263.74,265.6,268.36,293.61,265.44,247.27,245.32,272.23,302.95,337.44,369.58,335.0,303.34,278.67,268.09,291.18,318.67,296.75,305.13,334.35,331.81,304.06,301.11,292.42,297.86,293.57,259.78
254,597.719138697195,582.98,572.62,597.17,568.07,545.74,567.3,549.96,570.91,553.31,520.63,521.82,500.59,518.64,528.52,558.17,577.98,553.29,574.3,578.25,581.21,590.98,581.24,571.29,576.85,559.18,536.96,545.12,526.49,497.08,462.12,469.7,460.05,477.71,468.97,467.99,461.49,472.03,461.96,494.42,524.95,549.31,578.73,569.0,569.4,583.08,584.22,594.45,588.5,599.9,577.13,590.34,586.5,585.03,566.31,585.27,595.05,568.78,575.2,563.65
255,596.0282853320533,579.69,557.32,549.05,559.82,530.15,537.4,567.59,589.91,557.96,592.5,587.2,559.96,525.83,502.82,526.49,493.0,474.32,492.33,498.36,518.15,535.38,503.92,531.4,512.29,516.03,526.13,502.93,536.27,535.44,504.47,535.08,541.12,555.06,556.82,580.25,547.06,530.85,528.73,499.09,513.5,506.06,490.15,455.39,470.78,494.15,486.8,491.3,472.24,480.79,446.64,445.85,455.94,485.21,476.9,495.46,502.3,532.19,525.08,512.42
257,342.4027864682725,355.45,335.56,350.22,380.67,385.23,393.03,362.86,388.37,373.35,381.4,414.94,421.63,437.36,433.53,402.76,423.59,391.04,405.09,371.69,397.05,373.08,374.08,380.88,377.91,366.76,364.51,351.31,346.98,337.1,341.73,323.38,357.59,357.65,336.24,334.63,360.28,326.81,339.38,342.74,319.61,341.83,332.65,318.22,341.19,350.89,378.77,387.86,404.72,428.27,397.1,416.42,424.38,394.25,394.85,365.62,382.14,385.4,417.15,394.97
258,450.2927119577438,430.1,438.08,453.67,469.23,491.29,516.04,486.45,475.48,488.58,488.48,466.83,470.52,464.04,456.34,478.02,471.55,438.4,407.46,432.4,464.64,477.83,468.34,499.04,510.44,534.54,553.15,544.69,543.2,521.23,506.67,526.14,553.72,569.43,564.93,535.99,504.98,496.18,493.65,501.29,466.74,501.02,491.5,515.87,518.32,492.45,513.28,527.97,529.89,530.91,502.03,512.94,541.73,513.26,496.71,524.87,509.77,520.55,522.99,529.73
259,377.9997825993562,364.0,332.4,349.5,366.73,378.68,388.73,370.79,337.35,358.96,358.34,344.82,316.96,286.35,275.77,297.1,326.41,354.18,383.58,412.12,414.03,394.39,415.25,395.21,378.91,360.24,361.29,348.82,324.61,321.33,347.5,352.44,378.92,357.63,334.32,339.61,337.04,348.25,368.87,386.46,417.42,410.3,389.75,393.31,366.06,351.28,330.83,323.59,296.38,263.61,274.59,282.31,296.9,308.13,281.13,266.51,240.58,266.85,284.13,263.24
260,349.6975113861595,382.36,388.95,410.03,393.55,373.25,393.12,406.13,418.8,422.48,426.93,443.43,427.33,417.02,443.03,429.65,432.89,447.07,482.06,477.53,472.5,496.48,517.87,534.05,531.48,519.16,526.77,553.11,579.97,550.94,545.92,543.45,576.88,581.29,568.16,534.9,539.48,511.21,534.62,552.3,549.54,544.58,572.39,555.45,537.88,568.62,587.34,591.45,564.95,539.98,506.8,488.39,507.58,489.38,505.42,488.05,480.72,514.54,496.68,488.03
261,334.41312857678116,307.09,306.38,297.89,311.53,333.76,336.86,304.11,312.43,281.31,289.45,302.4,281.24,303.59,332.37,354.29,340.65,346.72,375.76,363.21,385.61,351.27,316.53,334.71,353.01,373.24,403.34,376.59,357.83,386.09,363.5,376.26,378.39,349.21,334.18,335.61,360.27,374.8,383.33,383.05,368.96,342.31,335.95,302.95,282.72,277.99,272.29,240.39,252.63,257.18,227.65,260.23,232.19,260.34,225.36,255.61,221.99,248.03,242.8,262.67
262,372.6631780614918,342.63,361.36,331.35,360.9,329.47,328.02,343.63,336.16,316.37,334.51,354.41,384.0,375.33,375.77,366.19,349.19,366.76,355.54,350.51,343.77,358.66,387.91,399.58,397.59,417.13,427.0,396.24,367.94,335.59,332.57,355.38,342.3,334.19,362.85,386.43,397.98,381.66,354.85,320.97,293.46,278.94,282.57,252.05,229.13,227.99,247.17,258.28,261.83,244.37,242.03,225.51,229.17,259.65,293.23,303.57,332.75,342.74,310.06,344.83
263,257.60187464088324,270.39,253.09,246.69,259.85,255.4,237.94,237.71,238.0,270.84,291.74,288.84,267.83,289.6,265.6,245.33,242.08,270.25,244.48,227.27,240.88,235.45,248.69,248.76,247.73,227.02,225.93,253.61,280.78,262.21,235.15,222.68,242.92,261.43,252.53,265.9,280.81,311.28,280.82,259.28,229.08,258.26,278.74,283.96,254.82,239.08,236.1,248.65,236.42,223.75,248.32,238.94,244.4,227.58,254.17,259.12,287.23,286.91,317.81,345.24
264,439.0547454545089,469.43,457.05,447.64,415.82,422.06,437.59,456.74,432.23,428.32,405.7,417.05,393.11,421.4,402.54,387.94,412.5,409.59,376.27,375.89,346.81,380.78,386.95,369.91,374.37,344.75,365.74,395.51,421.72,410.64,398.44,365.9,376.5,378.94,376.09,404.62,381.37,347.05,317.18,297.82,265.15,265.35,252.34,232.15,255.37,234.68,254.16,244.16,250.28,280.96,248.57,251.8,277.08,283.24,267.62,260.46,273.08,300.44,268.31,238.32
265,343.5195789716433,324.81,308.36,288.85,267.56,241.7,272.96,248.05,232.89,231.79,263.66,281.56,301.84,274.17,297.71,291.28,274.68,279.98,302.53,322.04,349.34,379.31,360.98,355.65,321.67,348.22,324.04,349.34,337.4,328.17,295.91,283.79,310.98,277.77,271.21,238.41,239.81,229.46,231.21,260.55,256.07,240.24,252.56,229.6,231.57,245.44,234.36,253.52,253.68,273.02,304.4,277.51,265.94,253.31,230.33,256.73,274.92,273.83,276.47,245.64
267,406.0250259957786,419.77,392.5,388.38,410.01,410.38,424.57,441.77,424.51,450.81,448.0,427.71,453.29,447.54,465.06,468.42,460.15,481.84,487.75,480.09,452.76,480.44,447.92,473.34,463.54,473.29,502.84,478.46,483.15,501.66,519.69,521.48,530.21,548.24,572.11,585.02,567.71,599.78,580.08,546.42,536.8,510.74,484.24,468.95,437.69,450.89,421.07,400.3,371.8,341.22,324.96,329.99,362.52,388.81,415.13,392.45,375.99,346.34,365.83,335.72
268,431.54435491192424,413.9,395.94,430.29,448.26,471.85,476.89,502.86,513.04,544.27,528.96,535.63,548.94,541.45,568.03,598.65,581.6,567.46,564.33,589.02,583.7,551.0,553.95,520.16,539.66,527.64,525.68,546.59,514.84,490.94,483.8,464.89,453.54,488.41,511.19,538.06,568.65,556.27,542.07,523.45,546.56,559.13,540.66,532.05,532.52,534.49,561.7,553.34,581.94,570.36,583.61,596.42,596.43,563.63,543.03,541.41,536.62,546.48,577.61,549.06
269,391.70629275101135,370.18,397.77,430.29,428.8,401.08,421.05,434.85,424.68,451.8,485.11,489.16,493.76,479.59,485.51,481.28,467.43,437.13,419.82,398.67,401.61,408.73,416.33,408.5,402.99,426.39,424.73,458.87,454.64,465.11,433.64,444.37,468.97,499.94,534.75,519.5,524.78,521.33,525.8,501.82,526.75,555.42,551.9,536.53,511.39,524.25,511.11,539.78,551.75,561.95,566.11,534.26,564.49,573.45,599.63,583.64,585.11,552.91,562.13,580.66
270,515.8354320439718,534.74,515.58,548.86,583.52,552.41,582.96,563.02,576.27,561.13,593.87,563.04,562.88,557.84,545.66,555.85,530.02,545.19,578.83,589.02,593.56,573.46,558.45,559.64,527.84,559.02,534.08,562.29,533.14,555.72,531.36,499.03,514.39,499.01,514.02,517.88,490.5,520.75,517.41,533.82,533.89,541.2,527.39,506.42,509.4,505.22,497.53,509.61,522.95,491.16,479.87,473.69,445.47,426.98,395.59,430.33,446.89,418.01,384.43,399.78
271,386.89302295941343,406.97,436.61,443.56,421.66,441.41,473.32,478.94,491.68,480.3,472.01,488.44,518.38,527.41,547.7,524.71,504.55,506.79,484.15,493.6,479.02,499.43,521.0,518.47,496.13,506.4,540.9,549.48,516.98,483.19,470.62,449.32,471.23,495.37,478.47,466.27,447.81,476.4,476.59,487.52,481.6,490.77,482.78,471.56,480.97,487.34,472.89,448.34,439.14,433.2,442.21,471.23,438.76,420.82,399.38,399.54,394.62,410.65,392.62,399.23
272,555.8657601679845,584.61,597.92,591.59,595.92,570.09,547.91,513.36,527.84,558.46,536.55,546.14,563.39,593.32,585.28,598.52,576.09,561.7,564.71,556.56,521.66,537.88,555.5,572.79,559.25,560.81,551.01,517.13,521.5,495.16,465.76,483.64,449.31,481.44,482.51,516.32,485.38,491.23,480.68,504.72,495.01,478.24,503.27,494.5,460.68,453.0,463.82,446.63,441.87,410.84,417.01,434.95,428.88,423.3,394.48,373.62,349.45,348.17,350.22,381.65
273,247.82797162534888,257.69,259.54,260.68,286.8,266.19,234.04,252.97,243.46,221.03,229.06,233.63,250.0,231.22,239.09,246.1,248.06,281.42,249.61,281.44,287.18,307.88,303.01,299.78,326.33,354.05,335.76,314.71,314.45,342.47,330.03,340.67,355.24,374.75,379.22,372.39,405.08,412.87,428.87,418.02,429.92,412.97,395.13,410.16,411.66,424.49,408.35,415.26,411.34,418.13,403.49,418.57,439.99,423.18,409.22,420.5,434.19,448.48,461.27,453.77
275,334.77856888594926,349.76,357.6,352.5,334.23,325.06,331.51,321.06,301.1,274.25,300.83,296.65,305.41,304.74,330.82,334.11,332.76,362.48,377.86,350.67,328.11,348.21,371.72,374.88,378.69,387.93,383.67,396.28,368.87,401.16,418.67,427.85,414.99,391.26,384.91,396.22,405.58,397.36,405.29,427.25,394.09,390.63,408.73,411.96,422.56,423.73,458.16,426.98,426.35,397.75,373.93,365.74,341.63,374.09,405.37,393.9,403.68,406.04,428.13,437.05
276,220.0959327064136,246.78,266.14,266.82,295.02,323.61,325.28,332.84,367.6,353.52,341.24,319.03,346.74,363.85,336.24,369.96,386.13,410.67,379.04,379.39,393.29,396.3,407.97,430.22,421.42,445.83,422.23,406.19,374.22,364.73,356.32,377.69,388.41,383.98,394.63,363.32,340.94,349.83,359.73,378.92,372.13,387.71,400.59,433.03,413.09,416.71,423.83,458.74,437.82,439.45,428.68,430.49,411.74,380.07,385.15,373.66,351.4,339.08,307.53,339.06
277,440.836207689839,462.87,457.49,485.72,484.55,489.73,489.16,505.49,510.16,494.17,469.36,476.79,476.03,447.75,440.44,441.47,464.35,434.68,424.07,446.66,457.05,442.35,466.52,466.05,465.93,499.29,530.59,520.69,495.53,483.33,450.46,416.91,409.6,440.47,466.47,467.27,471.84,437.26,417.35,384.08,401.9,377.1,402.93,412.96,394.02,370.06,378.99,407.05,422.34,411.74,417.86,404.61,439.55,456.97,464.98,459.61,467.88,456.79,423.81,416.47
279,416.4062397041806,444.76,465.06,493.7,473.98,475.69,499.66,472.44,493.07,470.88,492.45,500.29,478.82,476.95,489.68,499.05,493.96,521.92,523.27,523.68,493.04,522.59,499.99,501.97,523.22,503.3,505.22,487.07,505.25,509.75,534.67,562.29,572.7,582.89,576.51,564.0,574.37,594.44,576.34,559.78,551.97,547.45,517.6,517.49,517.09,523.28,513.68,521.6,548.08,579.96,577.08,544.55,577.4,583.06,565.51,540.74,515.78,492.52,460.71,488.86
280,425.4919284743878,439.49,462.46,482.87,509.65,542.36,538.09,569.61,581.91,550.66,563.38,576.45,594.49,574.6,574.93,540.66,528.91,498.27,499.8,522.02,501.47,503.39,482.67,456.12,456.89,427.43,433.54,400.73,373.2,376.7,383.1,350.13,355.27,378.97,394.53,368.71,375.18,387.24,354.85,379.72,408.16,432.69,455.41,472.56,481.9,494.4,515.85,527.22,515.16,506.48,534.27,500.47,514.39,546.22,560.66,595.23,587.57,554.2,577.09,558.57
283,520.6125741806513,510.46,542.25,566.8,551.89,517.42,503.19,487.88,515.18,547.88,517.81,515.8,519.18,490.68,482.1,469.3,471.82,483.1,497.34,471.91,493.82,506.32,533.56,530.01,557.58,583.18,570.9,560.33,590.63,587.36,596.58,592.2,583.28,554.27,539.67,572.49,557.46,528.99,543.52,559.9,544.88,530.72,528.54,495.07,515.32,502.52,527.28,548.46,559.76,547.5,548.64,544.78,533.5,557.87,556.72,580.01,550.8,525.67,559.08,565.22
284,413.71247592963863,415.33,395.4,410.71,381.64,386.77,391.72,420.71,422.54,397.13,402.22,373.61,352.88,320.06,320.99,291.91,289.77,320.08,335.46,305.88,286.57,298.73,326.36,293.66,315.53,319.86,323.09,355.14,372.48,396.99,386.77,390.58,398.66,386.17,391.09,372.66,347.7,338.88,355.63,384.76,381.8,391.8,364.01,392.32,397.12,416.74,437.35,420.3,422.34,454.57,425.84,438.65,471.01,457.05,482.35,512.71,530.01,511.2,499.58,467.09
285,535.952229013235,560.43,569.72,557.73,528.11,545.82,561.68,590.56,588.02,591.95,589.06,583.03,570.22,593.66,585.57,570.26,540.66,526.01,529.07,513.36,493.85,495.77,472.66,493.69,492.6,497.77,473.09,460.81,454.52,476.09,495.0,475.61,483.74,465.78,499.96,531.61,536.04,549.96,571.06,582.16,584.14,597.89,585.02,581.82,591.98,585.8,586.86,563.13,554.12,529.43,529.83,526.73,561.53,569.31,585.97,567.35,588.6,582.14,583.98,564.0
287,231.67632826718983,245.08,275.47,282.22,315.24,289.79,294.57,315.44,317.23,288.6,294.4,302.22,318.23,336.51,355.46,366.9,347.01,340.31,359.64,391.38,361.91,364.4,351.28,332.06,332.47,339.9,305.58,325.19,347.58,380.17,357.82,364.44,359.3,347.74,352.33,372.1,338.71,371.57,393.26,410.84,429.07,421.3,438.91,430.98,458.89,436.3,421.76,425.35,412.69,407.39,406.86,431.8,433.42,423.79,406.13,399.74,400.84,418.07,391.54,372.05
290,487.514650308572,505.25,474.85,493.29,512.52,524.54,509.97,509.25,481.98,479.99,462.06,451.5,427.88,408.98,379.34,408.73,410.86,403.63,406.08,415.06,444.59,422.1,407.79,441.1,432.08,398.66,374.0,340.84,375.13,359.65,389.3,424.01,431.0,398.32,369.03,367.74,361.17,368.6,364.32,394.71,397.14,410.7,438.45,413.73,394.81,367.32,342.09,342.97,330.45,325.07,358.84,334.81,337.67,309.59,296.88,298.81,330.07,322.46,292.0,284.17
291,275.3816468321115,256.48,264.75,234.47,242.99,255.34,249.87,221.24,255.72,246.42,267.82,255.62,253.87,246.75,241.15,221.23,233.04,262.73,276.06,251.24,259.16,286.62,300.62,276.03,301.78,287.89,284.68,286.51,311.05,341.26,371.34,336.9,366.43,335.24,318.84,319.89,318.48,325.81,324.37,354.78,336.62,320.8,350.25,320.62,328.29,341.01,341.4,355.0,332.09,356.77,331.57,324.63,294.9,298.06,309.94,340.83,357.58,360.46,390.74,389.23
292,433.2581481775704,439.99,433.69,457.38,435.34,439.18,454.74,483.02,509.89,510.5,520.52,513.12,510.89,539.33,569.48,593.15,563.94,588.45,597.6,576.11,571.65,586.01,578.55,599.63,580.75,584.48,589.52,576.99,591.7,580.35,567.85,540.09,532.63,549.01,578.5,557.72,547.59,523.37,536.72,568.93,576.28,577.51,574.33,544.7,560.77,567.91,577.29,594.16,591.18,590.4,596.75,599.62,585.19,555.61,552.75,572.88,539.6,508.58,478.28,494.45
293,410.4433188540054,401.27,373.66,389.92,377.39,360.96,371.62,375.75,366.12,376.02,360.01,380.65,361.7,337.82,357.59,372.14,349.92,323.06,346.75,366.11,354.02,365.09,338.78,339.27,305.58,297.99,268.23,266.49,261.01,257.12,225.29,234.57,257.5,248.32,265.28,256.14,250.77,257.09,288.64,261.26,228.56,246.48,278.35,312.63,311.52,309.29,319.44,323.33,332.72,358.9,376.14,375.92,373.25,383.02,379.92,376.96,343.1,320.28,319.48,342.07
294,325.9162625563072,327.5,316.65,288.99,321.07,345.9,316.39,331.78,321.11,355.75,341.92,323.63,328.38,351.84,330.32,344.98,314.28,343.61,314.29,343.29,342.65,339.02,372.15,406.48,416.99,390.89,391.32,393.36,394.37,399.23,365.54,380.33,395.2,368.28,373.2,377.99,390.76,361.74,370.6,355.25,355.74,374.87,389.27,362.59,368.97,401.81,377.78,402.48,416.66,435.84,420.58,405.73,434.15,424.34,393.75,400.79,374.53,395.29,405.21,431.44
296,463.47867653682925,485.42,474.88,481.55,458.5,445.3,411.72,430.5,423.57,445.7,460.29,483.3,468.3,446.26,479.29,494.5,517.88,483.8,473.61,490.61,461.07,465.78,460.82,427.05,408.57,393.51,366.34,375.55,357.52,341.95,369.83,367.53,359.98,375.65,404.32,371.07,367.45,375.2,362.5,381.57,414.57,445.61,429.23,410.07,442.09,439.19,418.77,433.26,418.17,401.88,428.43,404.8,374.31,358.15,365.64,339.26,337.27,346.18,370.59,351.68
298,330.6671447278804,352.19,350.89,361.73,339.98,342.33,329.59,331.44,351.1,369.92,359.72,373.32,404.21,413.01,388.4,400.98,373.32,399.37,400.54,392.5,361.49,353.14,381.36,347.83,346.06,376.24,368.88,363.85,369.35,366.76,343.56,309.86,317.55,347.01,319.46,299.23,290.15,311.76,295.61,322.35,291.2,322.07,326.32,337.43,328.17,347.91,324.57,292.99,285.68,310.44,328.28,329.48,334.53,308.62,332.47,352.56,363.51,361.14,393.65,420.18
299,464.8835875355551,455.91,464.17,469.45,462.05,448.52,442.01,447.18,442.15,425.6,443.87,446.07,415.81,406.59,433.53,451.4,439.03,469.7,440.06,472.35,454.55,420.19,415.56,405.69,408.43,429.2,453.17,446.26,441.35,416.72,385.05,394.94,364.45,380.82,383.56,362.46,365.23,343.04,338.75,359.72,357.05,332.46,348.13,326.2,342.9,341.45,338.21,362.81,377.41,344.71,330.44,356.4,322.68,325.85,341.8,350.33,368.57,384.37,397.81,420.32
